令和５年,人口動態統計,,
上巻　死亡　第５．１３表　死因（死因簡単分類）別にみた性・年次別死亡数及び死亡率（人口10万対）
注：１）「子宮の悪性新生物＜腫瘍＞」、「卵巣の悪性新生物＜腫瘍＞」及び「妊娠，分娩及び産じょく」の率については、女性人口10万対の死亡率である。
　　２）「前立腺の悪性新生物＜腫瘍＞」の率については、男性人口10万対の死亡率である。
　　３）「誤嚥性肺炎」の2016年（平成28年）以前死亡数は、死因基本分類コード「J69 固形物及び液状物による肺臓炎」の数値である。
　　４）「間質性肺疾患」の2016年（平成28年）以前死亡数は、死因基本分類コード「J84 その他の間質性肺疾患」の数値である。
　　５）「その他の呼吸器系の疾患（10601及び10602を除く）」の2016年（平成28年）以前死亡数は、死因簡単分類コード10600から、死因簡単分類コード10601及び10602を除いた数値である。
　　６）「その他の特殊目的用コード」の2016年（平成28年）死亡数は、死因基本分類コード「A92.8A ジカ＜Zika＞ウイルス病」の数値である。
　　７）2004・2006・2009〜2017年（平成16・18・21〜29年）の都道府県からの報告漏れ（2019年３月29日公表）による再集計を行ったことにより、2017年（平成29年）以前の報告書とは数値が一致しない箇所がある。
　　８）「新型コロナウイルス感染症」の2022年（令和４年）以前の死亡数は、死因基本分類コード「U07.1 コロナウイルス感染症2019，ウイルスが同定されたもの」、
　　　　「U07.2 コロナウイルス感染症2019，ウイルスが同定されていないもの」及び「U10.9 コロナウイルス感染症2019に関連する多系統炎症性症候群，詳細不明」の数値である。
　　９）「新型コロナウイルス感染症ワクチン」の2022年（令和４年）以前の死亡数は、死因基本分類コード「U12 エマージェンシーコードU12」の数値である。
　　10）「その他の特殊目的用コード（22201及び22202を除く）」の2022年（令和４年）以前は、死因簡単分類コード22200から、死因簡単分類コード22201及び22202を除いた数値である。
死因,死亡数,,,,,,,,,,,,,,死亡率,,,,,,,,,,,,,
,1995,2000,2005,2010,2014,2015,2016,2017,2018,2019,2020,2021,2022,2023,1995,2000,2005,2010,2014,2015,2016,2017,2018,2019,2020,2021,2022,2023
総数
　死亡総数　　　　　　　　　　　　　　　　　,922139,961653,1083796,1197014,1273025,1290510,1308158,1340567,1362470,1381093,1372755,1439856,1569050,1576016,741.9,765.6,858.8,947.1,1014.9,1029.8,1046.4,1075.5,1096.8,1116.2,1112.5,1172.7,1285.8,1300.4
01000 　感染症及び寄生虫症　　　　　　　　　,18925,19858,23538,25863,25569,25241,25107,24760,24127,23544,22129,22160,23726,24237,15.2,15.8,18.7,20.5,20.4,20.1,20.1,19.9,19.4,19.0,17.9,18.0,19.4,20.0
01100 　　腸管感染症　　　　　　　　　　　　,1097,1212,1752,2313,2417,2333,2551,2358,2363,2267,2153,1949,2037,2137,0.9,1,1.4,1.8,1.9,1.9,2,1.9,1.9,1.8,1.7,1.6,1.7,1.8
01200 　　結核　　　　　　　　　　　　　　　,3178,2656,2296,2129,2100,1956,1893,2306,2204,2087,1909,1845,1664,1587,2.6,2.1,1.8,1.7,1.7,1.6,1.5,1.9,1.8,1.7,1.5,1.5,1.4,1.3
01201 　　　呼吸器結核　　　　　　　　　　　,2986,2461,2086,1880,1836,1723,1663,2002,1939,1801,1664,1570,1423,1344,2.4,2,1.7,1.5,1.5,1.4,1.3,1.6,1.6,1.5,1.3,1.3,1.2,1.1
01202 　　　その他の結核　　　　　　　　　　,192,195,210,249,264,233,230,304,265,286,245,275,241,243,0.2,0.2,0.2,0.2,0.2,0.2,0.2,0.2,0.2,0.2,0.2,0.2,0.2,0.2
01300 　　敗血症　　　　　　　　　　　　　　,4905,6216,8504,10676,11279,11357,11512,10213,10312,10217,9801,9989,11346,11619,3.9,4.9,6.7,8.4,9,9.1,9.2,8.2,8.3,8.3,7.9,8.1,9.3,9.6
01400 　　ウイルス性肝炎　　　　　　　　　　　,5029,5121,6042,5614,4747,4514,3851,3743,3055,2657,2201,1943,1799,1645,4,4.1,4.8,4.4,3.8,3.6,3.1,3,2.5,2.1,1.8,1.6,1.5,1.4
01401 　　　Ｂ型ウイルス性肝炎　　　　　　　　,880,885,786,539,482,407,407,419,368,336,353,337,353,350,0.7,0.7,0.6,0.4,0.4,0.3,0.3,0.3,0.3,0.3,0.3,0.3,0.3,0.3
01402 　　　Ｃ型ウイルス性肝炎　　　　　　　　,3542,3756,4855,4754,4033,3881,3259,3100,2473,2122,1686,1435,1267,1102,2.8,3,3.8,3.8,3.2,3.1,2.6,2.5,2,1.7,1.4,1.2,1.0,0.9
01403 　　　その他のウイルス性肝炎　　　　　　,607,480,401,321,232,226,185,224,214,199,162,171,179,193,0.5,0.4,0.3,0.3,0.2,0.2,0.1,0.2,0.2,0.2,0.1,0.1,0.1,0.2
01500 　　ヒト免疫不全ウイルス［ＨＩＶ］病　,56,50,69,61,45,56,66,38,43,41,49,47,53,62,0,0,0.1,0,0,0,0.1,0,0,0.0,0.0,0.0,0.0,0.1
01600 　　その他の感染症及び寄生虫症　　　　,4660,4603,4875,5070,4981,5025,5234,6102,6150,6275,6016,6387,6827,7187,3.7,3.7,3.9,4,4,4,4.2,4.9,5,5.1,4.9,5.2,5.6,5.9
02000 　新生物＜腫瘍＞　　　　　　　　　　　　　　　,270293,304489,335870,363641,379113,381681,384565,386390,386680,389867,391545,394988,399471,396204,217.5,242.4,266.1,287.7,302.2,304.6,307.6,310,311.3,315.1,317.3,321.7,327.4,326.9
02100 　　悪性新生物＜腫瘍＞　　　　　　　　　　　　,263022,295484,325941,353499,368106,370362,373088,373365,373584,376425,378385,381505,385797,382504,211.6,235.2,258.3,279.7,293.5,295.5,298.4,299.5,300.7,304.2,306.6,310.7,316.1,315.6
02101 　　　口唇，口腔及び咽頭の悪性新生物＜腫瘍＞　,4099,5066,5679,6802,7415,7380,7676,7454,7576,7764,7827,8001,8429,8587,3.3,4,4.5,5.4,5.9,5.9,6.1,6,6.1,6.3,6.3,6.5,6.9,7.1
02102 　　　食道の悪性新生物＜腫瘍＞　　　　　　　　,8638,10256,11182,11867,11576,11740,11485,11568,11345,11619,10981,10958,10918,10750,6.9,8.2,8.9,9.4,9.2,9.4,9.2,9.3,9.1,9.4,8.9,8.9,8.9,8.9
02103 　　　胃の悪性新生物＜腫瘍＞　　　　　　　　　,50076,50650,50311,50136,47904,46681,45546,45227,44192,42931,42319,41624,40711,38771,40.3,40.3,39.9,39.7,38.2,37.2,36.4,36.3,35.6,34.7,34.3,33.9,33.4,32.0
02104 　　　結腸の悪性新生物＜腫瘍＞　　　　　　　　,20286,23637,27121,30040,33297,34339,34533,35352,35414,35599,36204,36773,37236,37394,16.3,18.8,21.5,23.8,26.5,27.4,27.6,28.4,28.5,28.8,29.3,30.0,30.5,30.9
02105 　　　直腸Ｓ状結腸移行部及び直腸の悪性新生物＜腫瘍＞,10988,12311,13709,14198,15188,15363,15581,15333,15244,15821,15584,15645,15852,15737,8.8,9.8,10.9,11.2,12.1,12.3,12.5,12.3,12.3,12.8,12.6,12.7,13.0,13.0
02106 　　　肝及び肝内胆管の悪性新生物＜腫瘍＞　　　,31707,33981,34268,32765,29544,28890,28535,27116,25925,25264,24839,24102,23620,22908,25.5,27.1,27.2,25.9,23.6,23.1,22.8,21.8,20.9,20.4,20.1,19.6,19.4,18.9
02107 　　　胆のう及びその他の胆道の悪性新生物＜腫瘍＞,13746,15153,16586,17585,18117,18153,17970,18180,18237,17924,17773,18172,17756,17239,11.1,12.1,13.1,13.9,14.4,14.5,14.4,14.6,14.7,14.5,14.4,14.8,14.6,14.2
02108 　　　膵の悪性新生物＜腫瘍＞　　　　　　　　　,16019,19094,22927,28017,31717,31868,33485,34229,35390,36356,37677,38579,39468,40175,12.9,15.2,18.2,22.2,25.3,25.4,26.8,27.5,28.5,29.4,30.5,31.4,32.3,33.1
02109 　　　喉頭の悪性新生物＜腫瘍＞　　　　　　　　,959,1046,1090,1002,978,971,944,879,841,863,781,795,798,791,0.8,0.8,0.9,0.8,0.8,0.8,0.8,0.7,0.7,0.7,0.6,0.6,0.7,0.7
02110 　　　気管，気管支及び肺の悪性新生物＜腫瘍＞　,45745,53724,62063,69813,73396,74382,73860,74127,74328,75394,75585,76212,76663,75762,36.8,42.8,49.2,55.2,58.5,59.4,59.1,59.5,59.8,60.9,61.3,62.1,62.8,62.5
02111 　　　皮膚の悪性新生物＜腫瘍＞　　　　　　　　,869,986,1207,1404,1657,1505,1553,1584,1622,1702,1707,1718,1806,1861,0.7,0.8,1,1.1,1.3,1.2,1.2,1.3,1.3,1.4,1.4,1.4,1.5,1.5
02112 　　　乳房の悪性新生物＜腫瘍＞　　　　　　　　,7819,9248,10808,12545,13323,13706,14135,14384,14759,14935,14779,14908,16021,15763,6.3,7.4,8.6,9.9,10.6,10.9,11.3,11.5,11.9,12.1,12.0,12.1,13.1,13.0
02113 　　　子宮の悪性新生物＜腫瘍＞　　　　　　　　,4865,5202,5381,5930,6429,6429,6348,6611,6800,6804,6808,6818,7157,7137,7.7,8.1,8.3,9.1,10,10,9.9,10.3,10.7,10.7,10.7,10.8,11.4,11.5
02114 　　　卵巣の悪性新生物＜腫瘍＞　　　　　　　　,3892,3993,4467,4654,4840,4677,4761,4746,4784,4733,4876,5081,5182,5154,6.1,6.2,6.9,7.2,7.5,7.3,7.4,7.4,7.5,7.5,7.7,8.1,8.3,8.3
02115 　　　前立腺の悪性新生物＜腫瘍＞　　　　　　　,5399,7514,9265,10722,11507,11326,11810,12014,12250,12544,12759,13217,13439,13429,8.9,12.2,15,17.4,18.9,18.6,19.4,19.8,20.3,20.8,21.3,22.1,22.7,22.8
02116 　　　膀胱の悪性新生物＜腫瘍＞　　　　　　　　,3931,4680,6029,6804,7760,8130,8433,8780,8635,8911,9168,9443,9598,9591,3.2,3.7,4.8,5.4,6.2,6.5,6.7,7,7,7.2,7.4,7.7,7.9,7.9
02117 　　　中枢神経系の悪性新生物＜腫瘍＞　　　　　,1574,1574,1681,1959,2326,2445,2651,2691,2721,2877,2851,3054,3107,3178,1.3,1.3,1.3,1.6,1.9,2,2.1,2.2,2.2,2.3,2.3,2.5,2.5,2.6
02118 　　　悪性リンパ腫　　　　　　　　　　,6342,7918,8537,10172,11480,11829,12326,12536,12993,13235,13998,13994,14231,14434,5.1,6.3,6.8,8,9.2,9.4,9.9,10.1,10.5,10.7,11.3,11.4,11.7,11.9
02119 　　　白血病　　　　　　　　　　　　　,6129,6766,7283,8078,8196,8631,8802,8571,8809,8839,8983,9124,9759,9869,4.9,5.4,5.8,6.4,6.5,6.9,7,6.9,7.1,7.1,7.3,7.4,8.0,8.1
02120 　　　その他のリンパ組織，造血組織及び関連組織の悪性新生物＜腫瘍＞,3008,3425,3932,4287,4237,4174,4444,4492,4281,4429,4295,4351,4392,4322,2.4,2.7,3.1,3.4,3.4,3.3,3.6,3.6,3.4,3.6,3.5,3.5,3.6,3.6
02121 　　　その他の悪性新生物＜腫瘍＞　　　　　　　,16931,19260,22415,24719,27219,27743,28210,27491,27438,27881,28591,28936,29654,29652,13.6,15.3,17.8,19.6,21.7,22.1,22.6,22.1,22.1,22.5,23.2,23.6,24.3,24.5
02200 　　その他の新生物＜腫瘍＞　　　　　　　　　　,7271,9005,9929,10142,11007,11319,11477,13025,13096,13442,13160,13483,13674,13700,5.8,7.2,7.9,8,8.8,9,9.2,10.4,10.5,10.9,10.7,11.0,11.2,11.3
02201 　　　中枢神経系のその他の新生物＜腫瘍＞　　　,2295,2653,2864,2589,2582,2491,2472,2709,2641,2636,2585,2581,2648,2559,1.8,2.1,2.3,2,2.1,2,2,2.2,2.1,2.1,2.1,2.1,2.2,2.1
02202 　　　中枢神経系を除くその他の新生物＜腫瘍＞　,4976,6352,7065,7553,8425,8828,9005,10316,10455,10806,10575,10902,11026,11141,4,5.1,5.6,6,6.7,7,7.2,8.3,8.4,8.7,8.6,8.9,9.0,9.2
03000 　血液及び造血器の疾患並びに免疫機構の障害,4106,4057,4173,4336,4313,4343,4543,4371,4330,4454,4296,4595,4842,4978,3.3,3.2,3.3,3.4,3.4,3.5,3.6,3.5,3.5,3.6,3.5,3.7,4.0,4.1
03100 　　貧血　　　　　　　　　　　　　　　,1652,1707,1668,1812,1926,1995,2118,2153,2186,2195,2232,2364,2455,2579,1.3,1.4,1.3,1.4,1.5,1.6,1.7,1.7,1.8,1.8,1.8,1.9,2.0,2.1
03200 　　その他の血液及び造血器の疾患並びに免疫機構の障害,2454,2350,2505,2524,2387,2348,2425,2218,2144,2259,2064,2231,2387,2399,2,1.9,2,2,1.9,1.9,1.9,1.8,1.7,1.8,1.7,1.8,2.0,2.0
04000 　内分泌，栄養及び代謝疾患　　　　　　,19360,17110,19726,21684,21065,20944,21338,22386,22640,22144,22457,23437,26279,25875,15.6,13.6,15.6,17.2,16.8,16.7,17.1,18,18.2,17.9,18.2,19.1,21.5,21.4
04100 　　糖尿病　　　　　　　　　　　　　　,14225,12303,13621,14422,13669,13328,13483,13971,14181,13846,13902,14356,15927,15448,11.4,9.8,10.8,11.4,10.9,10.6,10.8,11.2,11.4,11.2,11.3,11.7,13.1,12.7
04200 　　その他の内分泌，栄養及び代謝疾患　,5135,4807,6105,7262,7396,7616,7855,8415,8459,8298,8555,9081,10352,10427,4.1,3.8,4.8,5.7,5.9,6.1,6.3,6.8,6.8,6.7,6.9,7.4,8.5,8.6
05000 　精神及び行動の障害　　　　　　　　　,3762,3920,4602,8049,12685,13192,14186,21489,22551,23542,23115,24966,27228,26867,3,3.1,3.6,6.4,10.1,10.5,11.3,17.2,18.2,19.0,18.7,20.3,22.3,22.2
05100 　　血管性及び詳細不明の認知症　　　　,2697,2891,3334,6451,10588,11120,11898,19551,20521,21394,20815,22343,24360,23825,2.2,2.3,2.6,5.1,8.4,8.9,9.5,15.7,16.5,17.3,16.9,18.2,20.0,19.7
05200 　　その他の精神及び行動の障害　　　　,1065,1029,1268,1598,2097,2072,2288,1938,2030,2148,2300,2623,2868,3042,0.9,0.8,1,1.3,1.7,1.7,1.8,1.6,1.6,1.7,1.9,2.1,2.4,2.5
06000 　神経系の疾患　　　　　　　　　　　　,8625,9567,13004,19429,28384,30913,33367,45027,48249,51117,51265,55466,60229,61524,6.9,7.6,10.3,15.4,22.6,24.7,26.7,36.1,38.8,41.3,41.5,45.2,49.4,50.8
06100 　　髄膜炎　　　　　　　　　　　　　　,405,327,378,339,304,293,288,311,294,272,288,254,291,298,0.3,0.3,0.3,0.3,0.2,0.2,0.2,0.2,0.2,0.2,0.2,0.2,0.2,0.2
06200 　　脊髄性筋萎縮症及び関連症候群　　　,1249,1371,1730,2007,2314,2266,2665,2543,2512,2660,2611,2832,2889,2800,1,1.1,1.4,1.6,1.8,1.8,2.1,2,2,2.1,2.1,2.3,2.4,2.3
06300 　　パーキンソン病　　　　　　　　　　,2427,2805,3634,5136,6578,7160,7546,10123,10815,11204,11214,12057,13394,13698,2,2.2,2.9,4.1,5.2,5.7,6,8.1,8.7,9.1,9.1,9.8,11.0,11.3
06400 　　アルツハイマー病　　　　　　　　　,511,835,1814,4166,9453,10545,11972,17239,19095,20730,20852,22960,24860,25453,0.4,0.7,1.4,3.3,7.5,8.4,9.6,13.8,15.4,16.8,16.9,18.7,20.4,21.0
06500 　　その他の神経系の疾患　　　　　　　,4033,4229,5448,7781,9735,10649,10896,14811,15533,16251,16300,17363,18795,19275,3.2,3.4,4.3,6.2,7.8,8.5,8.7,11.9,12.5,13.1,13.2,14.1,15.4,15.9
07000 　眼及び付属器の疾患　　　　　　　　　,1,12,3,5,3,4,7,7,9,2,8,12,9,6,0,0,0,0,0,0,0,0,0,0.0,0.0,0.0,0.0,0.0
08000 　耳及び乳様突起の疾患　　　　　　　　,20,19,14,19,12,14,15,20,15,15,25,20,22,25,0,0,0,0,0,0,0,0,0,0.0,0.0,0.0,0.0,0.0
09000 　循環器系の疾患　　　　　　　　　　　,304824,298338,329475,341883,341803,339149,339958,351019,352525,350505,345476,357561,381327,376720,245.2,237.5,261.1,270.5,272.5,270.6,271.9,281.6,283.8,283.3,280.0,291.2,312.5,310.8
09100 　　高血圧性疾患　　　　　　　　　　　,8222,6063,5835,6760,6932,6726,6843,9570,9581,9549,10003,10223,11665,11396,6.6,4.8,4.6,5.3,5.5,5.4,5.5,7.7,7.7,7.7,8.1,8.3,9.6,9.4
09101 　　　高血圧性心疾患及び心腎疾患　　　,5068,3748,3470,3601,3394,3213,3099,5683,5777,5601,5478,5591,6424,6104,4.1,3,2.7,2.8,2.7,2.6,2.5,4.6,4.7,4.5,4.4,4.6,5.3,5.0
09102 　　　その他の高血圧性疾患　　　　　　,3154,2315,2365,3159,3538,3513,3744,3887,3804,3948,4525,4632,5241,5292,2.5,1.8,1.9,2.5,2.8,2.8,3,3.1,3.1,3.2,3.7,3.8,4.3,4.4
09200 　　心疾患（高血圧性を除く）　　　　　,139206,146741,173125,189361,196931,196127,198070,204868,208221,207714,205596,214710,232964,231148,112,116.8,137.2,149.8,157,156.5,158.4,164.4,167.6,167.9,166.6,174.9,190.9,190.7
09201 　　　慢性リウマチ性心疾患　　　　　　,2755,2522,2520,2416,2308,2313,2266,2297,2230,2045,2006,1993,1983,1894,2.2,2,2,1.9,1.8,1.8,1.8,1.8,1.8,1.7,1.6,1.6,1.6,1.6
09202 　　　急性心筋梗塞　　　　　　　　　　,52533,45885,47193,42629,38993,37224,35937,34956,33507,31527,30538,30578,32026,31003,42.3,36.5,37.4,33.7,31.1,29.7,28.7,28,27,25.5,24.7,24.9,26.2,25.6
09203 　　　その他の虚血性心疾患　　　　　　,23040,24298,29310,34588,34895,34452,34547,34912,36575,35799,36767,37423,41159,40283,18.5,19.3,23.2,27.4,27.8,27.5,27.6,28,29.4,28.9,29.8,30.5,33.7,33.2
09204 　　　慢性非リウマチ性心内膜疾患　　　,5357,5995,7532,9125,10217,10656,11048,11893,12019,11783,11797,12118,12305,11909,4.3,4.8,6,7.2,8.1,8.5,8.8,9.5,9.7,9.5,9.6,9.9,10.1,9.8
09205 　　　心筋症　　　　　　　　　　　　　,3455,3303,3625,3749,3841,3832,3802,4024,3878,3798,3654,3600,3524,3409,2.8,2.6,2.9,3,3.1,3.1,3,3.2,3.1,3.1,3.0,2.9,2.9,2.8
09206 　　　不整脈及び伝導障害　　　　　　　,12841,15097,22517,25119,29741,30306,31053,30150,30855,31261,30996,32804,36291,36027,10.3,12,17.8,19.9,23.7,24.2,24.8,24.2,24.8,25.3,25.1,26.7,29.7,29.7
09207 　　　心不全　　　　　　　　　　　　　,36179,46460,56327,66859,71657,71864,73570,80830,83311,85565,84085,89950,98671,99233,29.1,37,44.6,52.9,57.1,57.3,58.8,64.8,67.1,69.2,68.1,73.3,80.9,81.9
09208 　　　その他の心疾患　　　　　　　　　,3046,3181,4101,4876,5279,5480,5847,5806,5846,5936,5753,6244,7005,7390,2.5,2.5,3.2,3.9,4.2,4.4,4.7,4.7,4.7,4.8,4.7,5.1,5.7,6.1
09300 　　脳血管疾患　　　　　　　　　　　　,146552,132529,132847,123461,114209,111974,109353,109896,108186,106552,102978,104595,107481,104533,117.9,105.5,105.3,97.7,91.1,89.4,87.5,88.2,87.1,86.1,83.5,85.2,88.1,86.3
09301 　　　くも膜下出血　　　　　　　　　　,14424,14815,14883,13591,12662,12476,12322,12310,11996,11731,11416,10947,11468,11172,11.6,11.8,11.8,10.8,10.1,10,9.9,9.9,9.7,9.5,9.3,8.9,9.4,9.2
09302 　　　脳内出血　　　　　　　　　　　　,33187,31051,33362,33695,32550,32113,31984,32659,33047,32776,31997,32208,33483,32713,26.7,24.7,26.4,26.7,26,25.6,25.6,26.2,26.6,26.5,25.9,26.2,27.4,27.0
09303 　　　脳梗塞　　　　　　　　　　　　　,89431,82651,80964,72885,66060,64524,62296,62130,60365,59267,56864,58489,59363,57575,71.9,65.8,64.2,57.7,52.7,51.5,49.8,49.8,48.6,47.9,46.1,47.6,48.6,47.5
09304 　　　その他の脳血管疾患　　　　　　　,9510,4012,3638,3290,2937,2861,2751,2797,2778,2778,2701,2951,3167,3073,7.7,3.2,2.9,2.6,2.3,2.3,2.2,2.2,2.2,2.2,2.2,2.4,2.6,2.5
09400 　　大動脈瘤及び解離　　　　　　　　　,6214,8214,11392,15209,16423,16887,18154,19128,18803,18830,18795,19351,19987,20033,5,6.5,9,12,13.1,13.5,14.5,15.3,15.1,15.2,15.2,15.8,16.4,16.5
09500 　　その他の循環器系の疾患　　　　　　,4630,4791,6276,7092,7308,7435,7538,7557,7734,7860,8104,8682,9230,9610,3.7,3.8,5,5.6,5.8,5.9,6,6.1,6.2,6.4,6.6,7.1,7.6,7.9
10000 　呼吸器系の疾患　　　　　　　　　　　,126661,134501,165999,187610,202630,208407,208681,189629,191356,193234,172727,175490,186500,195296,101.9,107.1,131.5,148.4,161.5,166.3,166.9,152.1,154,156.2,140.0,142.9,152.8,161.1
10100 　　インフルエンザ　　　　　　　　　　,1244,575,1818,161,1130,2262,1463,2569,3325,3575,956,22,24,1383,1,0.5,1.4,0.1,0.9,1.8,1.2,2.1,2.7,2.9,0.8,0.0,0.0,1.1
10200 　　肺炎　　　　　　　　　　　　　　　,79629,86938,107241,118888,119652,120959,119346,96859,94661,95518,78450,73194,74013,75753,64.1,69.2,85,94.1,95.4,96.5,95.5,77.7,76.2,77.2,63.6,59.6,60.7,62.5
10300 　　急性気管支炎　　　　　　　　　　　,1874,1393,962,581,505,445,451,419,397,371,239,211,209,230,1.5,1.1,0.8,0.5,0.4,0.4,0.4,0.3,0.3,0.3,0.2,0.2,0.2,0.2
10400 　　慢性閉塞性肺疾患　　　　　　　　　,13092,12841,14416,16293,16184,15756,15692,18528,18577,17836,16125,16384,16676,16941,10.5,10.2,11.4,12.9,12.9,12.6,12.6,14.9,15,14.4,13.1,13.3,13.7,14.0
10500 　　喘息　　　　　　　　　　　　　　　,7253,4473,3198,2065,1550,1511,1455,1794,1617,1481,1158,1038,1004,1089,5.8,3.6,2.5,1.6,1.2,1.2,1.2,1.4,1.3,1.2,0.9,0.8,0.8,0.9
10600 　　その他の呼吸器系の疾患　　　　　　,23569,28281,38364,49622,63609,67474,70274,69460,72779,74453,75799,84641,94574,99900,19,22.5,30.4,39.3,50.7,53.8,56.2,55.7,58.6,60.2,61.4,68.9,77.5,82.4
10601 　　　 誤嚥性肺炎,3580,5623,11731,22066,33277,36424,38660,35791,38460,40385,42746,49488,56069,60190,2.9,4.5,9.3,17.5,26.5,29.1,30.9,28.7,31,32.6,34.6,40.3,45.9,49.7
10602 　　　 間質性肺疾患　　　　　　,7108,8862,11079,13654,16220,16967,17717,18550,19321,19488,19220,20774,22905,23875,5.7,7.1,8.8,10.8,12.9,13.5,14.2,14.9,15.6,15.8,15.6,16.9,18.8,19.7
10603 　　　 その他の呼吸器系の疾患(10601及び10602を除く)　　　　　　,12881,13796,15554,13902,14112,14083,13897,15119,14998,14580,13833,14379,15600,15835,10.4,11,12.3,11,11.3,11.2,11.1,12.1,12.1,11.8,11.2,11.7,12.8,13.1
11000 　消化器系の疾患　　　　　　　　　　　,38726,38268,41802,45503,47944,48276,48751,51274,52184,52742,53873,55782,59672,59273,31.2,30.5,33.1,36,38.2,38.5,39,41.1,42,42.6,43.7,45.4,48.9,48.9
11100 　　胃潰瘍及び十二指腸潰瘍　　　　　　,4314,3869,3490,3233,2795,2666,2657,2513,2521,2499,2265,2329,2545,2491,3.5,3.1,2.8,2.6,2.2,2.1,2.1,2,2,2.0,1.8,1.9,2.1,2.1
11200 　　ヘルニア及び腸閉塞　　　　　　　　,4132,4467,5260,5985,6841,6919,6972,7088,7153,7127,7443,7838,8319,8421,3.3,3.6,4.2,4.7,5.5,5.5,5.6,5.7,5.8,5.8,6.0,6.4,6.8,6.9
11300 　　肝疾患　　　　　　　　　　　　　　,17018,16079,16430,16216,15692,15659,15780,17019,17275,17273,17688,18017,18896,18638,13.7,12.8,13,12.8,12.5,12.5,12.6,13.7,13.9,14.0,14.3,14.7,15.5,15.4
11301 　　　肝硬変(アルコール性を除く)　　　,11301,9840,9387,8597,7800,7649,7707,8284,8307,8088,8053,8332,8644,8479,9.1,7.8,7.4,6.8,6.2,6.1,6.2,6.6,6.7,6.5,6.5,6.8,7.1,7.0
11302 　　　その他の肝疾患　　　　　　　　　,5717,6239,7043,7619,7892,8010,8073,8735,8968,9185,9635,9685,10252,10159,4.6,5,5.6,6,6.3,6.4,6.5,7,7.2,7.4,7.8,7.9,8.4,8.4
11400 　　その他の消化器系の疾患　　　　　　,13262,13853,16622,20069,22616,23032,23342,24654,25235,25843,26477,27598,29912,29723,10.7,11,13.2,15.9,18,18.4,18.7,19.8,20.3,20.9,21.5,22.5,24.5,24.5
12000 　皮膚及び皮下組織の疾患　　　　　　　,866,854,969,1319,1633,1648,1653,2440,2659,2682,2822,3103,3486,3823,0.7,0.7,0.8,1,1.3,1.3,1.3,2,2.1,2.2,2.3,2.5,2.9,3.2
13000 　筋骨格系及び結合組織の疾患　　　　　,4070,4419,4603,5606,5992,6100,6448,8338,8811,8996,8998,9676,10584,10823,3.3,3.5,3.6,4.4,4.8,4.9,5.2,6.7,7.1,7.3,7.3,7.9,8.7,8.9
14000 　腎尿路生殖器系の疾患　　　　　　　　,21381,21977,26952,32874,36757,37066,38608,37999,39509,40946,42505,46295,50263,50264,17.2,17.5,21.4,26,29.3,29.6,30.9,30.5,31.8,33.1,34.4,37.7,41.2,41.5
14100 　　糸球体疾患及び腎尿細管間質性疾患　,3188,2604,3028,3880,4354,4489,5031,4613,4777,4806,5233,5545,5851,5771,2.6,2.1,2.4,3.1,3.5,3.6,4,3.7,3.8,3.9,4.2,4.5,4.8,4.8
14200 　　腎不全　　　　　　　　　　　　　　,16187,17260,20528,23725,24776,24561,24620,25135,26081,26644,26948,28688,30739,30208,13,13.7,16.3,18.8,19.8,19.6,19.7,20.2,21,21.5,21.8,23.4,25.2,24.9
14201 　　　急性腎不全　　　　　　　　　　　,4278,3963,4012,4144,3687,3571,3401,2621,2743,2596,2650,2765,2999,3105,3.4,3.2,3.2,3.3,2.9,2.8,2.7,2.1,2.2,2.1,2.1,2.3,2.5,2.6
14202 　　　慢性腎臓病　　　　　　　　　　　,7099,8688,11539,14366,15717,15740,15992,18010,18806,19534,19827,21206,22841,22352,5.7,6.9,9.1,11.4,12.5,12.6,12.8,14.4,15.1,15.8,16.1,17.3,18.7,18.4
14203 　　　詳細不明の腎不全　　　　　　　　,4810,4609,4977,5215,5372,5250,5227,4504,4532,4514,4471,4717,4899,4751,3.9,3.7,3.9,4.1,4.3,4.2,4.2,3.6,3.6,3.6,3.6,3.8,4.0,3.9
14300 　　その他の腎尿路生殖器系の疾患　　　,2006,2113,3396,5269,7627,8016,8957,8251,8651,9496,10324,12062,13673,14285,1.6,1.7,2.7,4.2,6.1,6.4,7.2,6.6,7,7.7,8.4,9.8,11.2,11.8
15000 　妊娠，分娩及び産じょく　　　　　　　,90,84,66,49,33,44,36,36,33,32,23,28,33,26,0.1,0.1,0.1,0.1,0.1,0.1,0.1,0.1,0.1,0.1,0.0,0.0,0.1,0.0
16000 　周産期に発生した病態　　　　　　　　,1547,1125,842,639,532,497,526,487,486,454,442,408,367,346,1.2,0.9,0.7,0.5,0.4,0.4,0.4,0.4,0.4,0.4,0.4,0.3,0.3,0.3
16100 　　妊娠期間及び胎児発育に関連する障害,78,74,67,65,59,39,43,59,48,39,53,33,42,31,0.1,0.1,0.1,0.1,0,0,0,0,0,0.0,0.0,0.0,0.0,0.0
16200 　　出産外傷　　　　　　　　　　　　　,30,8,7,2,13,6,3,5,6,9,4,5,5,4,0,0,0,0,0,0,0,0,0,0.0,0.0,0.0,0.0,0.0
16300 　　周産期に特異的な呼吸障害及び心血管障害,786,615,425,349,266,251,288,244,268,250,238,225,212,189,0.6,0.5,0.3,0.3,0.2,0.2,0.2,0.2,0.2,0.2,0.2,0.2,0.2,0.2
16400 　　周産期に特異的な感染症　　　　　　,137,85,64,57,44,35,43,47,35,30,24,36,17,19,0.1,0.1,0.1,0,0,0,0,0,0,0.0,0.0,0.0,0.0,0.0
16500 　　胎児及び新生児の出血性障害及び血液障害,245,208,161,86,64,84,68,64,53,56,63,56,33,50,0.2,0.2,0.1,0.1,0.1,0.1,0.1,0.1,0,0.0,0.1,0.0,0.0,0.0
16600 　　その他の周産期に発生した病態　　　,271,135,118,80,86,82,81,68,76,70,60,53,58,53,0.2,0.1,0.1,0.1,0.1,0.1,0.1,0.1,0.1,0.1,0.0,0.0,0.0,0.0
17000 　先天奇形，変形及び染色体異常　　　　,3285,2702,2324,2194,2042,2022,2022,2128,2006,2076,1866,1963,2011,2047,2.6,2.2,1.8,1.7,1.6,1.6,1.6,1.7,1.6,1.7,1.5,1.6,1.6,1.7
17100 　　神経系の先天奇形　　　　　　　　　,171,147,119,105,102,89,85,98,99,92,76,74,91,87,0.1,0.1,0.1,0.1,0.1,0.1,0.1,0.1,0.1,0.1,0.1,0.1,0.1,0.1
17200 　　循環器系の先天奇形　　　　　　　　,1843,1439,1215,1128,945,952,912,881,822,822,749,808,826,799,1.5,1.1,1,0.9,0.8,0.8,0.7,0.7,0.7,0.7,0.6,0.7,0.7,0.7
17201 　　　心臓の先天奇形　　　　　　　　　,1385,1121,931,859,659,670,591,592,524,540,480,526,506,516,1.1,0.9,0.7,0.7,0.5,0.5,0.5,0.5,0.4,0.4,0.4,0.4,0.4,0.4
17202 　　　その他の循環器系の先天奇形　　　,458,318,284,269,286,282,321,289,298,282,269,282,320,283,0.4,0.3,0.2,0.2,0.2,0.2,0.3,0.2,0.2,0.2,0.2,0.2,0.3,0.2
17300 　　消化器系の先天奇形　　　　　　　　,135,100,97,97,111,113,101,105,65,107,90,99,86,83,0.1,0.1,0.1,0.1,0.1,0.1,0.1,0.1,0.1,0.1,0.1,0.1,0.1,0.1
17400 　　その他の先天奇形及び変形　　　　　,819,737,663,563,584,568,586,572,554,597,524,570,566,600,0.7,0.6,0.5,0.4,0.5,0.5,0.5,0.5,0.4,0.5,0.4,0.5,0.5,0.5
17500 　　染色体異常，他に分類されないもの　,317,279,230,301,300,300,338,472,466,458,427,412,442,478,0.3,0.2,0.2,0.2,0.2,0.2,0.3,0.4,0.4,0.4,0.3,0.3,0.4,0.4
18000 　症状，徴候及び異常臨床所見・異常検査所見で他に分類されないもの,25720,26548,34454,60346,92963,103060,112485,124181,135204,148027,159483,180319,212157,225189,20.7,21.1,27.3,47.7,74.1,82.2,90,99.6,108.8,119.6,129.2,146.9,173.9,185.8
18100 　　老衰　　　　　　　　　　　　　　　,21493,21213,26360,45342,75391,84819,92836,101411,109605,121863,132440,152027,179529,189919,17.3,16.9,20.9,35.9,60.1,67.7,74.3,81.4,88.2,98.5,107.3,123.8,147.1,156.7
18200 　　乳幼児突然死症候群　　　　　　　　,579,363,196,147,145,96,109,77,61,78,95,81,47,48,0.5,0.3,0.2,0.1,0.1,0.1,0.1,0.1,0,0.1,0.1,0.1,0.0,0.0
18300 　　その他の症状，徴候及び異常臨床所見・異常検査所見で他に分類されないもの,3648,4972,7898,14857,17427,18145,19540,22693,25538,26086,26948,28211,32581,35222,2.9,4,6.3,11.8,13.9,14.5,15.6,18.2,20.6,21.1,21.8,23.0,26.7,29.1
20000 　傷病及び死亡の外因　　　　　　　　　,69877,73805,75380,75965,69552,67909,65862,68586,69096,66714,66234,66803,73183,74373,56.2,58.8,59.7,60.1,55.5,54.2,52.7,55,55.6,53.9,53.7,54.4,60.0,61.4
20100 　　不慮の事故　　　　　　　　　　　　,45323,39484,39863,40732,39030,38310,38314,40332,41238,39184,38133,38355,43420,44440,36.5,31.4,31.6,32.2,31.1,30.6,30.6,32.4,33.2,31.7,30.9,31.2,35.6,36.7
20101 　　　交通事故　　　　　　　　　　　　,15147,12857,10028,7222,5717,5646,5280,5004,4595,4279,3718,3536,3541,3573,12.2,10.2,7.9,5.7,4.6,4.5,4.2,4,3.7,3.5,3.0,2.9,2.9,2.9
20102 　　　転倒・転落・墜落　　　　　　　　　　　,5911,6245,6702,7517,7947,7992,8030,9673,9645,9580,9585,10202,11569,11784,4.8,5,5.3,5.9,6.3,6.4,6.4,7.8,7.8,7.7,7.8,8.3,9.5,9.7
20103 　　　不慮の溺死及び溺水　　　　　　　,5588,5978,6222,6948,7508,7485,7706,8164,8021,7690,7333,7184,8677,8993,4.5,4.8,4.9,5.5,6,6,6.2,6.5,6.5,6.2,5.9,5.9,7.1,7.4
20104 　　　不慮の窒息　　　　　　　　　　　,7104,7794,9319,9879,9806,9356,9488,9194,8876,8095,7841,7989,8710,8644,5.7,6.2,7.4,7.8,7.8,7.5,7.6,7.4,7.1,6.5,6.4,6.5,7.1,7.1
20105 　　　煙，火及び火炎への曝露　　　　　,1383,1416,1593,1338,1086,941,892,963,1017,1004,903,930,967,1004,1.1,1.1,1.3,1.1,0.9,0.8,0.7,0.8,0.8,0.8,0.7,0.8,0.8,0.8
20106 　　　有害物質による不慮の中毒及び有害物質への曝露,568,605,891,862,677,612,565,598,548,545,493,522,569,537,0.5,0.5,0.7,0.7,0.5,0.5,0.5,0.5,0.4,0.4,0.4,0.4,0.5,0.4
20107 　　　その他の不慮の事故　　　　　　　,9622,4589,5108,6966,6289,6278,6353,6736,8536,7991,8260,7992,9387,9905,7.7,3.7,4,5.5,5,5,5.1,5.4,6.9,6.5,6.7,6.5,7.7,8.2
20200 　　自殺　　　　　　　　　　　　　　　,21420,30251,30553,29554,24417,23152,21021,20468,20031,19425,20243,20291,21252,21037,17.2,24.1,24.2,23.4,19.5,18.5,16.8,16.4,16.1,15.7,16.4,16.5,17.4,17.4
20300 　　他殺　　　　　　　　　　　　　　　,727,768,600,437,357,314,290,288,273,299,251,256,213,229,0.6,0.6,0.5,0.3,0.3,0.3,0.2,0.2,0.2,0.2,0.2,0.2,0.2,0.2
20400 　　その他の外因　　　　　　　　　　　,2407,3302,4364,5242,5748,6133,6237,7498,7554,7806,7607,7901,8298,8667,1.9,2.6,3.5,4.1,4.6,4.9,5,6,6.1,6.3,6.2,6.4,6.8,7.2
22000 　特殊目的用コード　　　　　　　　　　,…,…,…,-,-,-,-,-,-,-,3466,16784,47661,38120,…,…,…,-,-,-,-,-,-,-,2.8,13.7,39.1,31.5
22100 　　重症急性呼吸器症候群［ＳＡＲＳ］　,…,…,…,-,-,-,-,-,-,-,-,-,-,-,…,…,…,-,-,-,-,-,-,-,-,-,-,-
22200 　　その他の特殊目的用コード　,…,…,…,…,…,…,-,-,-,-,3466,16784,47661,38120,…,…,…,…,…,…,-,-,-,-,2.8,13.7,39.1,31.5
22201 　　　新型コロナウイルス感染症　　　　　　　　　　　　,…,…,…,…,…,…,…,…,…,…,3466,16766,47638,38086,…,…,…,…,…,…,…,…,…,…,2.8,13.7,39,31.4
22202 　　　新型コロナウイルス感染症ワクチン　　　　　　　　,…,…,…,…,…,…,…,…,…,…,…,18,23,34,…,…,…,…,…,…,…,…,…,…,…,0.0,0.0,0.0
22203 　　　その他の特殊目的用コード（22201及び22202を除く）,…,…,…,…,…,…,…,…,…,…,…,-,-,-,…,…,…,…,…,…,…,…,…,…,…,-,-,-
男
　死亡総数　　　　　　　　　　　　　　　　　,501276,525903,584970,633701,660340,666728,674946,690770,699138,707421,706834,738141,799420,802536,822.9,855.3,949.4,1029.2,1081.8,1092.6,1108.9,1138.5,1156.5,1175.0,1178.0,1236.7,1347.8,1362.5
01000 　感染症及び寄生虫症　　　　　　　　　,10671,10907,12211,12795,12321,12307,12135,12021,11733,11531,10905,10889,11714,11910,17.5,17.7,19.8,20.8,20.2,20.2,19.9,19.8,19.4,19.2,18.2,18.2,19.7,20.2
01100 　　腸管感染症　　　　　　　　　　　　,476,524,733,999,1048,1036,1135,1012,1039,1009,995,900,938,979,0.8,0.9,1.2,1.6,1.7,1.7,1.9,1.7,1.7,1.7,1.7,1.5,1.6,1.7
01200 　　結核　　　　　　　　　　　　　　　,2267,1876,1579,1338,1251,1169,1134,1423,1302,1173,1093,1050,991,932,3.7,3.1,2.6,2.2,2,1.9,1.9,2.3,2.2,1.9,1.8,1.8,1.7,1.6
01201 　　　呼吸器結核　　　　　　　　　　　,2163,1781,1482,1234,1130,1064,1035,1294,1185,1055,987,941,881,835,3.6,2.9,2.4,2,1.9,1.7,1.7,2.1,2,1.8,1.6,1.6,1.5,1.4
01202 　　　その他の結核　　　　　　　　　　,104,95,97,104,121,105,99,129,117,118,106,109,110,97,0.2,0.2,0.2,0.2,0.2,0.2,0.2,0.2,0.2,0.2,0.2,0.2,0.2,0.2
01300 　　敗血症　　　　　　　　　　　　　　,2269,2897,4045,5112,5339,5485,5598,4854,5006,5076,4902,5000,5748,5778,3.7,4.7,6.6,8.3,8.7,9,9.2,8,8.3,8.4,8.2,8.4,9.7,9.8
01400 　　ウイルス性肝炎　　　　　　　　　　　,2899,2839,3093,2641,2151,2024,1679,1718,1369,1224,1028,854,832,776,4.8,4.6,5,4.3,3.5,3.3,2.8,2.8,2.3,2.0,1.7,1.4,1.4,1.3
01401 　　　Ｂ型ウイルス性肝炎　　　　　　　　,568,584,524,328,284,234,217,267,244,208,208,197,212,203,0.9,0.9,0.9,0.5,0.5,0.4,0.4,0.4,0.4,0.3,0.3,0.3,0.4,0.3
01402 　　　Ｃ型ウイルス性肝炎　　　　　　　　,2006,1998,2350,2145,1755,1673,1362,1329,1010,914,729,578,535,479,3.3,3.2,3.8,3.5,2.9,2.7,2.2,2.2,1.7,1.5,1.2,1.0,0.9,0.8
01403 　　　その他のウイルス性肝炎　　　　　　,325,257,219,168,112,117,100,122,115,102,91,79,85,94,0.5,0.4,0.4,0.3,0.2,0.2,0.2,0.2,0.2,0.2,0.2,0.1,0.1,0.2
01500 　　ヒト免疫不全ウイルス［ＨＩＶ］病　,52,47,62,56,40,50,60,37,36,40,44,47,51,59,0.1,0.1,0.1,0.1,0.1,0.1,0.1,0.1,0.1,0.1,0.1,0.1,0.1,0.1
01600 　　その他の感染症及び寄生虫症　　　　,2708,2724,2699,2649,2492,2543,2529,2977,2981,3009,2843,3038,3154,3386,4.4,4.4,4.4,4.3,4.1,4.2,4.2,4.9,4.9,5.0,4.7,5.1,5.3,5.7
02000 　新生物＜腫瘍＞　　　　　　　　　　　　　　　,163649,183901,201728,216614,224126,225461,225846,227374,225536,227545,228047,229772,230600,228673,268.6,299.1,327.4,351.8,367.2,369.5,371,374.7,373.1,377.9,380.1,385.0,388.8,388.2
02100 　　悪性新生物＜腫瘍＞　　　　　　　　　　　　,159623,179140,196603,211435,218399,219515,219846,220416,218625,220339,220989,222467,223291,221360,262,291.3,319.1,343.4,357.8,359.7,361.2,363.3,361.6,366.0,368.3,372.7,376.5,375.8
02101 　　　口唇，口腔及び咽頭の悪性新生物＜腫瘍＞　,2980,3610,4151,4840,5268,5258,5397,5328,5398,5504,5547,5634,5960,6136,4.9,5.9,6.7,7.9,8.6,8.6,8.9,8.8,8.9,9.1,9.2,9.4,10.0,10.4
02102 　　　食道の悪性新生物＜腫瘍＞　　　　　　　　,7253,8706,9465,9992,9629,9775,9534,9580,9358,9571,8978,8864,8790,8647,11.9,14.2,15.4,16.2,15.8,16,15.7,15.8,15.5,15.9,15.0,14.9,14.8,14.7
02103 　　　胃の悪性新生物＜腫瘍＞　　　　　　　　　,32015,32798,32643,32943,31484,30810,29865,29745,28843,28043,27771,27196,26455,25325,52.6,53.3,53,53.5,51.6,50.5,49.1,49,47.7,46.6,46.3,45.6,44.6,43.0
02104 　　　結腸の悪性新生物＜腫瘍＞　　　　　　　　,10420,12139,13436,14947,16478,17063,17119,17565,17467,17517,17965,18183,18215,18146,17.1,19.7,21.8,24.3,27,28,28.1,28.9,28.9,29.1,29.9,30.5,30.7,30.8
02105 　　　直腸Ｓ状結腸移行部及び直腸の悪性新生物＜腫瘍＞,6892,7729,8710,8974,9699,9756,9912,9771,9631,9899,9753,9897,9884,9790,11.3,12.6,14.1,14.6,15.9,16,16.3,16.1,15.9,16.4,16.3,16.6,16.7,16.6
02106 　　　肝及び肝内胆管の悪性新生物＜腫瘍＞　　　,22773,23602,23203,21510,19209,19008,18514,17822,17032,16750,16271,15913,15717,15226,37.4,38.4,37.7,34.9,31.5,31.1,30.4,29.4,28.2,27.8,27.1,26.7,26.5,25.8
02107 　　　胆のう及びその他の胆道の悪性新生物＜腫瘍＞,6189,6913,7845,8440,9052,9067,8972,9237,9384,9341,9357,9615,9470,9220,10.2,11.2,12.7,13.7,14.8,14.9,14.7,15.2,15.5,15.5,15.6,16.1,16.0,15.7
02108 　　　膵の悪性新生物＜腫瘍＞　　　　　　　　　,8965,10380,12284,14569,16411,16186,17064,17403,17938,18124,18880,19334,19608,19859,14.7,16.9,19.9,23.7,26.9,26.5,28,28.7,29.7,30.1,31.5,32.4,33.1,33.7
02109 　　　喉頭の悪性新生物＜腫瘍＞　　　　　　　　,872,958,1006,916,908,899,856,808,768,806,712,711,723,717,1.4,1.6,1.6,1.5,1.5,1.5,1.4,1.3,1.3,1.3,1.2,1.2,1.2,1.2
02110 　　　気管，気管支及び肺の悪性新生物＜腫瘍＞　,33389,39053,45189,50395,52505,53211,52447,53007,52401,53338,53247,53278,53750,52908,54.8,63.5,73.3,81.8,86,87.2,86.2,87.4,86.7,88.6,88.7,89.3,90.6,89.8
02111 　　　皮膚の悪性新生物＜腫瘍＞　　　　　　　　,451,502,628,666,797,745,754,798,813,848,875,865,893,945,0.7,0.8,1,1.1,1.3,1.2,1.2,1.3,1.3,1.4,1.5,1.4,1.5,1.6
02112 　　　乳房の悪性新生物＜腫瘍＞　　　　　　　　,56,77,87,90,83,121,117,99,106,96,129,105,109,134,0.1,0.1,0.1,0.1,0.1,0.2,0.2,0.2,0.2,0.2,0.2,0.2,0.2,0.2
02113 　　　子宮の悪性新生物＜腫瘍＞　　　　　　　　,・,・,・,・,・,・,・,・,・,・,・,・,・,・,・,・,・,・,・,・,・,・,・,・,・,・,・,・
02114 　　　卵巣の悪性新生物＜腫瘍＞　　　　　　　　,・,・,・,・,・,・,・,・,・,・,・,・,・,・,・,・,・,・,・,・,・,・,・,・,・,・,・,・
02115 　　　前立腺の悪性新生物＜腫瘍＞　　　　　　　,5399,7514,9265,10722,11507,11326,11810,12014,12250,12544,12759,13217,13439,13429,8.9,12.2,15,17.4,18.9,18.6,19.4,19.8,20.3,20.8,21.3,22.1,22.7,22.8
02116 　　　膀胱の悪性新生物＜腫瘍＞　　　　　　　　,2700,3184,4141,4719,5308,5582,5793,6026,5796,6014,6244,6434,6388,6515,4.4,5.2,6.7,7.7,8.7,9.1,9.5,9.9,9.6,10.0,10.4,10.8,10.8,11.1
02117 　　　中枢神経系の悪性新生物＜腫瘍＞　　　　　,906,869,938,1127,1344,1406,1484,1498,1545,1650,1600,1721,1736,1825,1.5,1.4,1.5,1.8,2.2,2.3,2.4,2.5,2.6,2.7,2.7,2.9,2.9,3.1
02118 　　　悪性リンパ腫　　　　　　　　　　,3735,4578,4829,5689,6427,6656,6884,7034,7270,7342,7690,7779,7826,8089,6.1,7.4,7.8,9.2,10.5,10.9,11.3,11.6,12,12.2,12.8,13.0,13.2,13.7
02119 　　　白血病　　　　　　　　　　　　　,3645,3970,4311,4860,4896,5104,5399,5215,5270,5419,5467,5549,6007,6095,6,6.5,7,7.9,8,8.4,8.9,8.6,8.7,9.0,9.1,9.3,10.1,10.3
02120 　　　その他のリンパ組織，造血組織及び関連組織の悪性新生物＜腫瘍＞,1565,1774,2004,2200,2233,2044,2241,2356,2160,2311,2169,2279,2230,2177,2.6,2.9,3.3,3.6,3.7,3.3,3.7,3.9,3.6,3.8,3.6,3.8,3.8,3.7
02121 　　　その他の悪性新生物＜腫瘍＞　　　　　　　,9418,10784,12468,13836,15161,15498,15684,15110,15195,15222,15575,15893,16091,16177,15.5,17.5,20.2,22.5,24.8,25.4,25.8,24.9,25.1,25.3,26.0,26.6,27.1,27.5
02200 　　その他の新生物＜腫瘍＞　　　　　　　　　　,4026,4761,5125,5179,5727,5946,6000,6958,6911,7206,7058,7305,7309,7313,6.6,7.7,8.3,8.4,9.4,9.7,9.9,11.5,11.4,12.0,11.8,12.2,12.3,12.4
02201 　　　中枢神経系のその他の新生物＜腫瘍＞　　　,1160,1297,1332,1252,1212,1200,1134,1279,1276,1261,1216,1201,1277,1185,1.9,2.1,2.2,2,2,2,1.9,2.1,2.1,2.1,2.0,2.0,2.2,2.0
02202 　　　中枢神経系を除くその他の新生物＜腫瘍＞　,2866,3464,3793,3927,4515,4746,4866,5679,5635,5945,5842,6104,6032,6128,4.7,5.6,6.2,6.4,7.4,7.8,8,9.4,9.3,9.9,9.7,10.2,10.2,10.4
03000 　血液及び造血器の疾患並びに免疫機構の障害,1832,1789,1872,1948,1862,1924,2003,1884,1929,1996,1905,2018,2147,2246,3,2.9,3,3.2,3.1,3.2,3.3,3.1,3.2,3.3,3.2,3.4,3.6,3.8
03100 　　貧血　　　　　　　　　　　　　　　,666,669,650,694,749,779,842,832,887,888,913,959,989,1059,1.1,1.1,1.1,1.1,1.2,1.3,1.4,1.4,1.5,1.5,1.5,1.6,1.7,1.8
03200 　　その他の血液及び造血器の疾患並びに免疫機構の障害,1166,1120,1222,1254,1113,1145,1161,1052,1042,1108,992,1059,1158,1187,1.9,1.8,2,2,1.8,1.9,1.9,1.7,1.7,1.8,1.7,1.8,2.0,2.0
04000 　内分泌，栄養及び代謝疾患　　　　　　,9487,8741,9974,10862,10561,10497,10738,11503,11757,11500,11809,12213,14044,13751,15.6,14.2,16.2,17.6,17.3,17.2,17.6,19,19.4,19.1,19.7,20.5,23.7,23.3
04100 　　糖尿病　　　　　　　　　　　　　　,7107,6489,7131,7620,7265,7125,7244,7731,7831,7615,7767,7954,8990,8699,11.7,10.6,11.6,12.4,11.9,11.7,11.9,12.7,13,12.6,12.9,13.3,15.2,14.8
04200 　　その他の内分泌，栄養及び代謝疾患　,2380,2252,2843,3242,3296,3372,3494,3772,3926,3885,4042,4259,5054,5052,3.9,3.7,4.6,5.3,5.4,5.5,5.7,6.2,6.5,6.5,6.7,7.1,8.5,8.6
05000 　精神及び行動の障害　　　　　　　　　,1670,1555,1692,2632,3979,4088,4415,7979,8434,8675,8864,9528,10537,10411,2.7,2.5,2.7,4.3,6.5,6.7,7.3,13.2,14,14.4,14.8,16.0,17.8,17.7
05100 　　血管性及び詳細不明の認知症　　　　,943,909,952,1788,3021,3150,3378,6997,7377,7587,7646,8162,9089,8829,1.5,1.5,1.5,2.9,4.9,5.2,5.5,11.5,12.2,12.6,12.7,13.7,15.3,15.0
05200 　　その他の精神及び行動の障害　　　　,727,646,740,844,958,938,1037,982,1057,1088,1218,1366,1448,1582,1.2,1.1,1.2,1.4,1.6,1.5,1.7,1.6,1.7,1.8,2.0,2.3,2.4,2.7
06000 　神経系の疾患　　　　　　　　　　　　,4527,5023,6650,9619,13032,13843,14943,21170,22335,23476,23735,25502,27533,27934,7.4,8.2,10.8,15.6,21.3,22.7,24.6,34.9,36.9,39.0,39.6,42.7,46.4,47.4
06100 　　髄膜炎　　　　　　　　　　　　　　,232,179,216,201,178,153,165,180,166,167,184,157,175,174,0.4,0.3,0.4,0.3,0.3,0.3,0.3,0.3,0.3,0.3,0.3,0.3,0.3,0.3
06200 　　脊髄性筋萎縮症及び関連症候群　　　,707,774,1010,1170,1353,1331,1508,1505,1457,1534,1512,1660,1670,1630,1.2,1.3,1.6,1.9,2.2,2.2,2.5,2.5,2.4,2.5,2.5,2.8,2.8,2.8
06300 　　パーキンソン病　　　　　　　　　　,1099,1342,1728,2445,3133,3332,3688,5112,5395,5639,5778,6172,6768,7004,1.8,2.2,2.8,4,5.1,5.5,6.1,8.4,8.9,9.4,9.6,10.3,11.4,11.9
06400 　　アルツハイマー病　　　　　　　　　,189,328,648,1514,3033,3315,3747,6061,6658,7186,7244,7987,8693,8649,0.3,0.5,1.1,2.5,5,5.4,6.2,10,11,11.9,12.1,13.4,14.7,14.7
06500 　　その他の神経系の疾患　　　　　　　,2300,2400,3048,4289,5335,5712,5835,8312,8659,8950,9017,9526,10227,10477,3.8,3.9,4.9,7,8.7,9.4,9.6,13.7,14.3,14.9,15.0,16.0,17.2,17.8
07000 　眼及び付属器の疾患　　　　　　　　　,1,2,1,2,2,3,4,3,1,2,4,8,5,2,0,0,0,0,0,0,0,0,0,0.0,0.0,0.0,0.0,0.0
08000 　耳及び乳様突起の疾患　　　　　　　　,8,6,8,8,8,7,6,8,8,9,11,11,11,12,0,0,0,0,0,0,0,0,0,0.0,0.0,0.0,0.0,0.0
09000 　循環器系の疾患　　　　　　　　　　　,148515,144629,159268,163019,161824,160361,161628,166570,167535,166909,167240,173393,185753,184344,243.8,235.2,258.5,264.8,265.1,262.8,265.5,274.5,277.1,277.2,278.7,290.5,313.2,313.0
09100 　　高血圧性疾患　　　　　　　　　　　,3027,2163,2145,2517,2637,2605,2720,3916,3947,3971,4202,4271,5044,4975,5,3.5,3.5,4.1,4.3,4.3,4.5,6.5,6.5,6.6,7.0,7.2,8.5,8.4
09101 　　　高血圧性心疾患及び心腎疾患　　　,1852,1337,1256,1296,1253,1176,1142,2239,2327,2246,2219,2271,2679,2567,3,2.2,2,2.1,2.1,1.9,1.9,3.7,3.8,3.7,3.7,3.8,4.5,4.4
09102 　　　その他の高血圧性疾患　　　　　　,1175,826,889,1221,1384,1429,1578,1677,1620,1725,1983,2000,2365,2408,1.9,1.3,1.4,2,2.3,2.3,2.6,2.8,2.7,2.9,3.3,3.4,4.0,4.1
09200 　　心疾患（高血圧性を除く）　　　　　,69718,72156,83979,88804,92279,92146,93453,96330,98035,98210,99304,103700,113016,113133,114.4,117.3,136.3,144.2,151.2,151,153.5,158.8,162.2,163.1,165.5,173.7,190.5,192.1
09201 　　　慢性リウマチ性心疾患　　　　　　,858,773,829,743,720,740,741,775,746,666,686,656,646,647,1.4,1.3,1.3,1.2,1.2,1.2,1.2,1.3,1.2,1.1,1.1,1.1,1.1,1.1
09202 　　　急性心筋梗塞　　　　　　　　　　,28401,24960,25762,23497,21802,21139,20476,19978,19207,18146,17922,17926,19081,18359,46.6,40.6,41.8,38.2,35.7,34.6,33.6,32.9,31.8,30.1,29.9,30.0,32.2,31.2
09203 　　　その他の虚血性心疾患　　　　　　,11659,12915,16208,19253,20119,19939,19967,20504,21655,21441,22272,22818,25147,24803,19.1,21,26.3,31.3,33,32.7,32.8,33.8,35.8,35.6,37.1,38.2,42.4,42.1
09204 　　　慢性非リウマチ性心内膜疾患　　　,2055,2106,2483,2916,3264,3528,3496,3817,3853,3761,3807,4062,4034,3890,3.4,3.4,4,4.7,5.3,5.8,5.7,6.3,6.4,6.2,6.3,6.8,6.8,6.6
09205 　　　心筋症　　　　　　　　　　　　　,2188,2174,2266,2226,2152,2224,2150,2282,2206,2174,2049,2058,1890,1921,3.6,3.5,3.7,3.6,3.5,3.6,3.5,3.8,3.6,3.6,3.4,3.4,3.2,3.3
09206 　　　不整脈及び伝導障害　　　　　　　,6451,7550,11233,12257,14441,14691,15125,14522,15059,15197,15511,16395,18244,18341,10.6,12.3,18.2,19.9,23.7,24.1,24.8,23.9,24.9,25.2,25.9,27.5,30.8,31.1
09207 　　　心不全　　　　　　　　　　　　　,16627,19983,22962,25328,26916,26961,28265,31303,32212,33678,33883,36374,40121,41058,27.3,32.5,37.3,41.1,44.1,44.2,46.4,51.6,53.3,55.9,56.5,60.9,67.6,69.7
09208 　　　その他の心疾患　　　　　　　　　,1479,1695,2236,2584,2865,2924,3233,3149,3097,3147,3174,3411,3853,4114,2.4,2.8,3.6,4.2,4.7,4.8,5.3,5.2,5.1,5.2,5.3,5.7,6.5,7.0
09300 　　脳血管疾患　　　　　　　　　　　　,69587,63127,63657,60186,54995,53576,52718,53198,52398,51768,50390,51594,53188,51684,114.2,102.7,103.3,97.7,90.1,87.8,86.6,87.7,86.7,86.0,84.0,86.4,89.7,87.7
09301 　　　くも膜下出血　　　　　　　　　　,5477,5544,5689,5258,4713,4643,4558,4536,4385,4319,4114,4080,4317,4139,9,9,9.2,8.5,7.7,7.6,7.5,7.5,7.3,7.2,6.9,6.8,7.3,7.0
09302 　　　脳内出血　　　　　　　　　　　　,17637,16793,18281,18802,17831,17541,17544,17885,18013,17957,17790,17884,18473,17895,29,27.3,29.7,30.5,29.2,28.7,28.8,29.5,29.8,29.8,29.6,30.0,31.1,30.4
09303 　　　脳梗塞　　　　　　　　　　　　　,42724,39068,38009,34548,31093,30070,29388,29499,28727,28172,27218,28251,28824,28158,70.1,63.5,61.7,56.1,50.9,49.3,48.3,48.6,47.5,46.8,45.4,47.3,48.6,47.8
09304 　　　その他の脳血管疾患　　　　　　　,3749,1722,1678,1578,1358,1322,1228,1278,1273,1320,1268,1379,1574,1492,6.2,2.8,2.7,2.6,2.2,2.2,2,2.1,2.1,2.2,2.1,2.3,2.7,2.5
09400 　　大動脈瘤及び解離　　　　　　　　　,3832,4813,6407,8252,8607,8616,9274,9725,9593,9342,9509,9661,10088,9956,6.3,7.8,10.4,13.4,14.1,14.1,15.2,16,15.9,15.5,15.8,16.2,17.0,16.9
09500 　　その他の循環器系の疾患　　　　　　,2351,2370,3080,3260,3306,3418,3463,3401,3562,3618,3835,4167,4417,4596,3.9,3.9,5,5.3,5.4,5.6,5.7,5.6,5.9,6.0,6.4,7.0,7.4,7.8
10000 　呼吸器系の疾患　　　　　　　　　　　,71195,75544,92157,105262,115237,118497,120283,110904,112405,114136,104871,107729,114696,119352,116.9,122.9,149.6,171,188.8,194.2,197.6,182.8,185.9,189.6,174.8,180.5,193.4,202.6
10100 　　インフルエンザ　　　　　　　　　　,602,280,863,96,559,1068,748,1202,1677,1903,518,13,15,645,1,0.5,1.4,0.2,0.9,1.8,1.2,2,2.8,3.2,0.9,0.0,0.0,1.1
10200 　　肺炎　　　　　　　　　　　　　　　,42419,46722,57310,63569,64782,65611,65661,53143,52158,53076,44902,42341,42851,43554,69.6,76,93,103.2,106.1,107.5,107.9,87.6,86.3,88.2,74.8,70.9,72.2,73.9
10300 　　急性気管支炎　　　　　　　　　　　,840,607,373,228,175,181,198,160,145,137,98,91,92,101,1.4,1,0.6,0.4,0.3,0.3,0.3,0.3,0.2,0.2,0.2,0.2,0.2,0.2
10400 　　慢性閉塞性肺疾患　　　　　　　　　,9452,9593,11018,12681,13002,12642,12653,15270,15324,14822,13465,13670,14019,14287,15.5,15.6,17.9,20.6,21.3,20.7,20.8,25.2,25.3,24.6,22.4,22.9,23.6,24.3
10500 　　喘息　　　　　　　　　　　　　　　,4052,2300,1565,898,590,573,568,641,626,555,463,394,377,442,6.7,3.7,2.5,1.5,1,0.9,0.9,1.1,1,0.9,0.8,0.7,0.6,0.8
10600 　　その他の呼吸器系の疾患　　　　　　,13830,16042,21028,27790,36129,38422,40455,40488,42475,43643,45425,51220,57342,60323,22.7,26.1,34.1,45.1,59.2,63,66.5,66.7,70.3,72.5,75.7,85.8,96.7,102.4
10601 　　　 誤嚥性肺炎,1965,2922,5960,11617,18307,19996,21738,20092,21652,22899,25081,29319,33458,35641,3.2,4.8,9.7,18.9,30,32.8,35.7,33.1,35.8,38.0,41.8,49.1,56.4,60.5
10602 　　　 間質性肺疾患　　　　　　,4492,5614,6978,8611,10188,10868,11243,12025,12500,12641,12464,13581,14815,15516,7.4,9.1,11.3,14,16.7,17.8,18.5,19.8,20.7,21.0,20.8,22.8,25.0,26.3
10603 　　　 その他の呼吸器系の疾患(10601及び10602を除く)　　　　　　,7373,7506,8090,7562,7634,7558,7474,8371,8323,8103,7880,8320,9069,9166,12.1,12.2,13.1,12.3,12.5,12.4,12.3,13.8,13.8,13.5,13.1,13.9,15.3,15.6
11000 　消化器系の疾患　　　　　　　　　　　,22008,21752,22978,24410,25115,25337,25613,26865,27573,28065,28886,29854,32041,31864,36.1,35.4,37.3,39.6,41.1,41.5,42.1,44.3,45.6,46.6,48.1,50.0,54.0,54.1
11100 　　胃潰瘍及び十二指腸潰瘍　　　　　　,2274,2161,1897,1835,1609,1511,1527,1403,1387,1427,1300,1320,1459,1470,3.7,3.5,3.1,3,2.6,2.5,2.5,2.3,2.3,2.4,2.2,2.2,2.5,2.5
11200 　　ヘルニア及び腸閉塞　　　　　　　　,1835,1944,2312,2694,3231,3290,3279,3233,3373,3348,3561,3749,3937,4131,3,3.2,3.8,4.4,5.3,5.4,5.4,5.3,5.6,5.6,5.9,6.3,6.6,7.0
11300 　　肝疾患　　　　　　　　　　　　　　,11576,11068,11007,10619,10031,10016,10116,10980,11212,11236,11648,11766,12431,12183,19,18,17.9,17.2,16.4,16.4,16.6,18.1,18.5,18.7,19.4,19.7,21.0,20.7
11301 　　　肝硬変(アルコール性を除く)　　　,7478,6401,5683,4907,4232,4114,4156,4474,4539,4389,4380,4505,4739,4665,12.3,10.4,9.2,8,6.9,6.7,6.8,7.4,7.5,7.3,7.3,7.5,8.0,7.9
11302 　　　その他の肝疾患　　　　　　　　　,4098,4667,5324,5712,5799,5902,5960,6506,6673,6847,7268,7261,7692,7518,6.7,7.6,8.6,9.3,9.5,9.7,9.8,10.7,11,11.4,12.1,12.2,13.0,12.8
11400 　　その他の消化器系の疾患　　　　　　,6323,6579,7762,9262,10244,10520,10691,11249,11601,12054,12377,13019,14214,14080,10.4,10.7,12.6,15,16.8,17.2,17.6,18.5,19.2,20.0,20.6,21.8,24.0,23.9
12000 　皮膚及び皮下組織の疾患　　　　　　　,285,290,370,510,640,612,618,916,1050,1117,1104,1278,1435,1532,0.5,0.5,0.6,0.8,1,1,1,1.5,1.7,1.9,1.8,2.1,2.4,2.6
13000 　筋骨格系及び結合組織の疾患　　　　　,1278,1438,1566,2093,2294,2308,2552,3285,3430,3644,3523,3894,4412,4567,2.1,2.3,2.5,3.4,3.8,3.8,4.2,5.4,5.7,6.1,5.9,6.5,7.4,7.8
14000 　腎尿路生殖器系の疾患　　　　　　　　,9954,9947,11793,14362,16283,16439,17441,17339,18183,18972,19793,21754,23636,23659,16.3,16.2,19.1,23.3,26.7,26.9,28.7,28.6,30.1,31.5,33.0,36.4,39.8,40.2
14100 　　糸球体疾患及び腎尿細管間質性疾患　,1254,1086,1105,1484,1589,1668,1953,1744,1771,1864,1962,2066,2301,2288,2.1,1.8,1.8,2.4,2.6,2.7,3.2,2.9,2.9,3.1,3.3,3.5,3.9,3.9
14200 　　腎不全　　　　　　　　　　　　　　,7800,8029,9463,11035,11935,11908,12233,12569,13230,13573,13961,15080,16188,15980,12.8,13.1,15.4,17.9,19.6,19.5,20.1,20.7,21.9,22.5,23.3,25.3,27.3,27.1
14201 　　　急性腎不全　　　　　　　　　　　,2086,1880,1802,1860,1639,1631,1566,1176,1305,1211,1277,1395,1522,1546,3.4,3.1,2.9,3,2.7,2.7,2.6,1.9,2.2,2.0,2.1,2.3,2.6,2.6
14202 　　　慢性腎臓病　　　　　　　　　　　,3522,4116,5566,6955,7853,7849,8187,9223,9772,10268,10515,11361,12198,12103,5.8,6.7,9,11.3,12.9,12.9,13.5,15.2,16.2,17.1,17.5,19.0,20.6,20.5
14203 　　　詳細不明の腎不全　　　　　　　　,2192,2033,2095,2220,2443,2428,2480,2170,2153,2094,2169,2324,2468,2331,3.6,3.3,3.4,3.6,4,4,4.1,3.6,3.6,3.5,3.6,3.9,4.2,4.0
14300 　　その他の腎尿路生殖器系の疾患　　　,900,832,1225,1843,2759,2863,3255,3026,3182,3535,3870,4608,5147,5391,1.5,1.4,2,3,4.5,4.7,5.3,5,5.3,5.9,6.4,7.7,8.7,9.2
15000 　妊娠，分娩及び産じょく　　　　　　　,・,・,・,・,・,・,・,・,・,・,・,・,・,・,・,・,・,・,・,・,・,・,・,・,・,・,・,・
16000 　周産期に発生した病態　　　　　　　　,902,616,462,371,269,279,258,272,277,251,246,219,193,188,1.5,1,0.7,0.6,0.4,0.5,0.4,0.4,0.5,0.4,0.4,0.4,0.3,0.3
16100 　　妊娠期間及び胎児発育に関連する障害,44,41,29,43,27,22,21,29,30,23,24,16,23,18,0.1,0.1,0,0.1,0,0,0,0,0,0.0,0.0,0.0,0.0,0.0
16200 　　出産外傷　　　　　　　　　　　　　,19,7,-,2,8,5,-,5,4,4,2,2,5,4,0,0,-,0,0,0,-,0,0,0.0,0.0,0.0,0.0,0.0
16300 　　周産期に特異的な呼吸障害及び心血管障害,440,337,235,197,138,137,150,137,159,133,133,118,99,99,0.7,0.5,0.4,0.3,0.2,0.2,0.2,0.2,0.3,0.2,0.2,0.2,0.2,0.2
16400 　　周産期に特異的な感染症　　　　　　,91,45,36,33,22,18,28,28,17,20,14,19,13,12,0.1,0.1,0.1,0.1,0,0,0,0,0,0.0,0.0,0.0,0.0,0.0
16500 　　胎児及び新生児の出血性障害及び血液障害,138,112,93,44,29,49,28,31,30,33,37,33,18,31,0.2,0.2,0.2,0.1,0,0.1,0,0.1,0,0.1,0.1,0.1,0.0,0.1
16600 　　その他の周産期に発生した病態　　　,170,74,69,52,45,48,31,42,37,38,36,31,35,24,0.3,0.1,0.1,0.1,0.1,0.1,0.1,0.1,0.1,0.1,0.1,0.1,0.1,0.0
17000 　先天奇形，変形及び染色体異常　　　　,1687,1357,1163,1114,993,926,951,1006,918,954,849,947,950,977,2.8,2.2,1.9,1.8,1.6,1.5,1.6,1.7,1.5,1.6,1.4,1.6,1.6,1.7
17100 　　神経系の先天奇形　　　　　　　　　,83,76,60,54,53,43,34,57,51,54,36,34,46,40,0.1,0.1,0.1,0.1,0.1,0.1,0.1,0.1,0.1,0.1,0.1,0.1,0.1,0.1
17200 　　循環器系の先天奇形　　　　　　　　,961,718,616,559,431,409,405,395,361,378,310,378,360,354,1.6,1.2,1,0.9,0.7,0.7,0.7,0.7,0.6,0.6,0.5,0.6,0.6,0.6
17201 　　　心臓の先天奇形　　　　　　　　　,710,553,480,426,307,295,266,283,248,274,217,260,234,258,1.2,0.9,0.8,0.7,0.5,0.5,0.4,0.5,0.4,0.5,0.4,0.4,0.4,0.4
17202 　　　その他の循環器系の先天奇形　　　,251,165,136,133,124,114,139,112,113,104,93,118,126,96,0.4,0.3,0.2,0.2,0.2,0.2,0.2,0.2,0.2,0.2,0.2,0.2,0.2,0.2
17300 　　消化器系の先天奇形　　　　　　　　,66,51,54,48,49,58,52,54,32,54,42,49,51,42,0.1,0.1,0.1,0.1,0.1,0.1,0.1,0.1,0.1,0.1,0.1,0.1,0.1,0.1
17400 　　その他の先天奇形及び変形　　　　　,442,395,335,316,321,295,320,297,263,284,277,290,286,314,0.7,0.6,0.5,0.5,0.5,0.5,0.5,0.5,0.4,0.5,0.5,0.5,0.5,0.5
17500 　　染色体異常，他に分類されないもの　,135,117,98,137,139,121,140,203,211,184,184,196,207,227,0.2,0.2,0.2,0.2,0.2,0.2,0.2,0.3,0.3,0.3,0.3,0.3,0.3,0.4
18000 　症状，徴候及び異常臨床所見・異常検査所見で他に分類されないもの,9220,9098,11302,19734,28916,31877,35046,39661,43968,47982,52794,59191,70678,75746,15.1,14.8,18.3,32.1,47.4,52.2,57.6,65.4,72.7,79.7,88.0,99.2,119.2,128.6
18100 　　老衰　　　　　　　　　　　　　　　,6684,6017,6683,10787,18316,20897,23088,25810,28200,31722,35779,41286,49964,53259,11,9.8,10.8,17.5,30,34.2,37.9,42.5,46.6,52.7,59.6,69.2,84.2,90.4
18200 　　乳幼児突然死症候群　　　　　　　　,341,217,120,84,90,61,54,52,32,47,61,47,30,24,0.6,0.4,0.2,0.1,0.1,0.1,0.1,0.1,0.1,0.1,0.1,0.1,0.1,0.0
18300 　　その他の症状，徴候及び異常臨床所見・異常検査所見で他に分類されないもの,2195,2864,4499,8863,10510,10919,11904,13799,15736,16213,16954,17858,20684,22463,3.6,4.7,7.3,14.4,17.2,17.9,19.6,22.7,26,26.9,28.3,29.9,34.9,38.1
20000 　傷病及び死亡の外因　　　　　　　　　,44387,49308,49775,48346,42878,41962,40466,42010,42066,40657,40154,40198,43896,45083,72.9,80.2,80.8,78.5,70.2,68.8,66.5,69.2,69.6,67.5,66.9,67.3,74.0,76.5
20100 　　不慮の事故　　　　　　　　　　　　,28229,25162,24591,23975,22562,22122,22073,23093,23675,22394,21944,22026,24652,25544,46.3,40.9,39.9,38.9,37,36.3,36.3,38.1,39.2,37.2,36.6,36.9,41.6,43.4
20101 　　　交通事故　　　　　　　　　　　　,10772,9072,7015,4871,3923,3886,3667,3392,3155,2951,2566,2430,2399,2471,17.7,14.8,11.4,7.9,6.4,6.4,6,5.6,5.2,4.9,4.3,4.1,4.0,4.2
20102 　　　転倒・転落・墜落　　　　　　　　　　　,3663,3798,3989,4335,4520,4461,4488,5303,5187,5099,5074,5347,5922,6047,6,6.2,6.5,7,7.4,7.3,7.4,8.7,8.6,8.5,8.5,9.0,10.0,10.3
20103 　　　不慮の溺死及び溺水　　　　　　　,3170,3332,3404,3786,3879,3911,4003,4254,4185,4070,3909,3781,4697,4844,5.2,5.4,5.5,6.1,6.4,6.4,6.6,7,6.9,6.8,6.5,6.3,7.9,8.2
20104 　　　不慮の窒息　　　　　　　　　　　,4198,4375,5058,5078,5006,4764,4809,4681,4558,4072,4064,4170,4355,4499,6.9,7.1,8.2,8.2,8.2,7.8,7.9,7.7,7.5,6.8,6.8,7.0,7.3,7.6
20105 　　　煙，火及び火炎への曝露　　　　　,849,883,972,841,666,567,543,591,635,595,571,600,622,638,1.4,1.4,1.6,1.4,1.1,0.9,0.9,1,1.1,1.0,1.0,1.0,1.0,1.1
20106 　　　有害物質による不慮の中毒及び有害物質への曝露,396,415,609,558,419,382,358,375,359,333,298,315,359,328,0.7,0.7,1,0.9,0.7,0.6,0.6,0.6,0.6,0.6,0.5,0.5,0.6,0.6
20107 　　　その他の不慮の事故　　　　　　　,5181,3287,3544,4506,4149,4151,4205,4497,5596,5274,5462,5383,6298,6717,8.5,5.3,5.8,7.3,6.8,6.8,6.9,7.4,9.3,8.8,9.1,9.0,10.6,11.4
20200 　　自殺　　　　　　　　　　　　　　　,14231,21656,22236,21028,16875,16202,14642,14336,13851,13668,13588,13508,14362,14388,23.4,35.2,36.1,34.2,27.6,26.6,24.1,23.6,22.9,22.7,22.6,22.6,24.2,24.4
20300 　　他殺　　　　　　　　　　　　　　　,413,426,317,232,181,138,148,159,129,131,117,139,98,118,0.7,0.7,0.5,0.4,0.3,0.2,0.2,0.3,0.2,0.2,0.2,0.2,0.2,0.2
20400 　　その他の外因　　　　　　　　　　　,1514,2064,2631,3111,3260,3500,3603,4422,4411,4464,4505,4525,4784,5033,2.5,3.4,4.3,5.1,5.3,5.7,5.9,7.3,7.3,7.4,7.5,7.6,8.1,8.5
22000 　特殊目的用コード　　　　　　　　　　,…,…,…,-,-,-,-,-,-,-,2094,9743,25139,20285,…,…,…,-,-,-,-,-,-,-,3.5,16.3,42.4,34.4
22100 　　重症急性呼吸器症候群［ＳＡＲＳ］　,…,…,…,-,-,-,-,-,-,-,-,-,-,-,…,…,…,-,-,-,-,-,-,-,-,-,-,-
22200 　　その他の特殊目的用コード　,…,…,…,…,…,…,-,-,-,-,2094,9743,25139,20285,…,…,…,…,…,…,-,-,-,-,3.5,16.3,42.4,34.4
22201 　　　新型コロナウイルス感染症　　　　　　　　　　　　,…,…,…,…,…,…,…,…,…,…,2094,9732,25132,20268,…,…,…,…,…,…,…,…,…,…,3.5,16.3,42.4,34.4
22202 　　　新型コロナウイルス感染症ワクチン　　　　　　　　,…,…,…,…,…,…,…,…,…,…,…,11,7,17,…,…,…,…,…,…,…,…,…,…,…,0.0,0.0,0.0
22203 　　　その他の特殊目的用コード（22201及び22202を除く）,…,…,…,…,…,…,…,…,…,…,…,-,-,-,…,…,…,…,…,…,…,…,…,…,…,-,-,-
女
　死亡総数　　　　　　　　　　　　　　　　　,420863,435750,498826,563313,612685,623782,633212,649797,663332,673672,665921,701715,769630,773480,664,679.5,772.3,869.2,951.5,970.2,987,1015.7,1040.3,1060.5,1050.4,1112.2,1227.2,1241.7
01000 　感染症及び寄生虫症　　　　　　　　　,8254,8951,11327,13068,13248,12934,12972,12739,12394,12013,11224,11271,12012,12327,13,14,17.5,20.2,20.6,20.1,20.2,19.9,19.4,18.9,17.7,17.9,19.2,19.8
01100 　　腸管感染症　　　　　　　　　　　　,621,688,1019,1314,1369,1297,1416,1346,1324,1258,1158,1049,1099,1158,1,1.1,1.6,2,2.1,2,2.2,2.1,2.1,2.0,1.8,1.7,1.8,1.9
01200 　　結核　　　　　　　　　　　　　　　,911,780,717,791,849,787,759,883,902,914,816,795,673,655,1.4,1.2,1.1,1.2,1.3,1.2,1.2,1.4,1.4,1.4,1.3,1.3,1.1,1.1
01201 　　　呼吸器結核　　　　　　　　　　　,823,680,604,646,706,659,628,708,754,746,677,629,542,509,1.3,1.1,0.9,1,1.1,1,1,1.1,1.2,1.2,1.1,1.0,0.9,0.8
01202 　　　その他の結核　　　　　　　　　　,88,100,113,145,143,128,131,175,148,168,139,166,131,146,0.1,0.2,0.2,0.2,0.2,0.2,0.2,0.3,0.2,0.3,0.2,0.3,0.2,0.2
01300 　　敗血症　　　　　　　　　　　　　　,2636,3319,4459,5564,5940,5872,5914,5359,5306,5141,4899,4989,5598,5841,4.2,5.2,6.9,8.6,9.2,9.1,9.2,8.4,8.3,8.1,7.7,7.9,8.9,9.4
01400 　　ウイルス性肝炎　　　　　　　　　　　,2130,2282,2949,2973,2596,2490,2172,2025,1686,1433,1173,1089,967,869,3.4,3.6,4.6,4.6,4,3.9,3.4,3.2,2.6,2.3,1.9,1.7,1.5,1.4
01401 　　　Ｂ型ウイルス性肝炎　　　　　　　　,312,301,262,211,198,173,190,152,124,128,145,140,141,147,0.5,0.5,0.4,0.3,0.3,0.3,0.3,0.2,0.2,0.2,0.2,0.2,0.2,0.2
01402 　　　Ｃ型ウイルス性肝炎　　　　　　　　,1536,1758,2505,2609,2278,2208,1897,1771,1463,1208,957,857,732,623,2.4,2.7,3.9,4,3.5,3.4,3,2.8,2.3,1.9,1.5,1.4,1.2,1.0
01403 　　　その他のウイルス性肝炎　　　　　　,282,223,182,153,120,109,85,102,99,97,71,92,94,99,0.4,0.3,0.3,0.2,0.2,0.2,0.1,0.2,0.2,0.2,0.1,0.1,0.1,0.2
01500 　　ヒト免疫不全ウイルス［ＨＩＶ］病　,4,3,7,5,5,6,6,1,7,1,5,-,2,3,0,0,0,0,0,0,0,0,0,0.0,0.0,-,0.0,0.0
01600 　　その他の感染症及び寄生虫症　　　　,1952,1879,2176,2421,2489,2482,2705,3125,3169,3266,3173,3349,3673,3801,3.1,2.9,3.4,3.7,3.9,3.9,4.2,4.9,5,5.1,5.0,5.3,5.9,6.1
02000 　新生物＜腫瘍＞　　　　　　　　　　　　　　　,106644,120588,134142,147027,154987,156220,158719,159016,161144,162322,163498,165216,168871,167531,168.3,188.1,207.7,226.9,240.7,243,247.4,248.6,252.7,255.5,257.9,261.9,269.3,268.9
02100 　　悪性新生物＜腫瘍＞　　　　　　　　　　　　,103399,116344,129338,142064,149707,150847,153242,152949,154959,156086,157396,159038,162506,161144,163.1,181.4,200.3,219.2,232.5,234.6,238.9,239.1,243,245.7,248.3,252.1,259.1,258.7
02101 　　　口唇，口腔及び咽頭の悪性新生物＜腫瘍＞　,1119,1456,1528,1962,2147,2122,2279,2126,2178,2260,2280,2367,2469,2451,1.8,2.3,2.4,3,3.3,3.3,3.6,3.3,3.4,3.6,3.6,3.8,3.9,3.9
02102 　　　食道の悪性新生物＜腫瘍＞　　　　　　　　,1385,1550,1717,1875,1947,1965,1951,1988,1987,2048,2003,2094,2128,2103,2.2,2.4,2.7,2.9,3,3.1,3,3.1,3.1,3.2,3.2,3.3,3.4,3.4
02103 　　　胃の悪性新生物＜腫瘍＞　　　　　　　　　,18061,17852,17668,17193,16420,15871,15681,15482,15349,14888,14548,14428,14256,13446,28.5,27.8,27.4,26.5,25.5,24.7,24.4,24.2,24.1,23.4,22.9,22.9,22.7,21.6
02104 　　　結腸の悪性新生物＜腫瘍＞　　　　　　　　,9866,11498,13685,15093,16819,17276,17414,17787,17947,18082,18239,18590,19021,19248,15.6,17.9,21.2,23.3,26.1,26.9,27.1,27.8,28.1,28.5,28.8,29.5,30.3,30.9
02105 　　　直腸Ｓ状結腸移行部及び直腸の悪性新生物＜腫瘍＞,4096,4582,4999,5224,5489,5607,5669,5562,5613,5922,5831,5748,5968,5947,6.5,7.1,7.7,8.1,8.5,8.7,8.8,8.7,8.8,9.3,9.2,9.1,9.5,9.5
02106 　　　肝及び肝内胆管の悪性新生物＜腫瘍＞　　　,8934,10379,11065,11255,10335,9882,10021,9294,8893,8514,8568,8189,7903,7682,14.1,16.2,17.1,17.4,16.1,15.4,15.6,14.5,13.9,13.4,13.5,13.0,12.6,12.3
02107 　　　胆のう及びその他の胆道の悪性新生物＜腫瘍＞,7557,8240,8741,9145,9065,9086,8998,8943,8853,8583,8416,8557,8286,8019,11.9,12.8,13.5,14.1,14.1,14.1,14,14,13.9,13.5,13.3,13.6,13.2,12.9
02108 　　　膵の悪性新生物＜腫瘍＞　　　　　　　　　,7054,8714,10643,13448,15306,15682,16421,16826,17452,18232,18797,19245,19860,20316,11.1,13.6,16.5,20.7,23.8,24.4,25.6,26.3,27.4,28.7,29.7,30.5,31.7,32.6
02109 　　　喉頭の悪性新生物＜腫瘍＞　　　　　　　　,87,88,84,86,70,72,88,71,73,57,69,84,75,74,0.1,0.1,0.1,0.1,0.1,0.1,0.1,0.1,0.1,0.1,0.1,0.1,0.1,0.1
02110 　　　気管，気管支及び肺の悪性新生物＜腫瘍＞　,12356,14671,16874,19418,20891,21171,21413,21120,21927,22056,22338,22934,22913,22854,19.5,22.9,26.1,30,32.4,32.9,33.4,33,34.4,34.7,35.2,36.3,36.5,36.7
02111 　　　皮膚の悪性新生物＜腫瘍＞　　　　　　　　,418,484,579,738,860,760,799,786,809,854,832,853,913,916,0.7,0.8,0.9,1.1,1.3,1.2,1.2,1.2,1.3,1.3,1.3,1.4,1.5,1.5
02112 　　　乳房の悪性新生物＜腫瘍＞　　　　　　　　,7763,9171,10721,12455,13240,13585,14018,14285,14653,14839,14650,14803,15912,15629,12.2,14.3,16.6,19.2,20.6,21.1,21.9,22.3,23,23.4,23.1,23.5,25.4,25.1
02113 　　　子宮の悪性新生物＜腫瘍＞　　　　　　　　,4865,5202,5381,5930,6429,6429,6348,6611,6800,6804,6808,6818,7157,7137,7.7,8.1,8.3,9.1,10,10,9.9,10.3,10.7,10.7,10.7,10.8,11.4,11.5
02114 　　　卵巣の悪性新生物＜腫瘍＞　　　　　　　　,3892,3993,4467,4654,4840,4677,4761,4746,4784,4733,4876,5081,5182,5154,6.1,6.2,6.9,7.2,7.5,7.3,7.4,7.4,7.5,7.5,7.7,8.1,8.3,8.3
02115 　　　前立腺の悪性新生物＜腫瘍＞　　　　　　　,・,・,・,・,・,・,・,・,・,・,・,・,・,・,・,・,・,・,・,・,・,・,・,・,・,・,・,・
02116 　　　膀胱の悪性新生物＜腫瘍＞　　　　　　　　,1231,1496,1888,2085,2452,2548,2640,2754,2839,2897,2924,3009,3210,3076,1.9,2.3,2.9,3.2,3.8,4,4.1,4.3,4.5,4.6,4.6,4.8,5.1,4.9
02117 　　　中枢神経系の悪性新生物＜腫瘍＞　　　　　,668,705,743,832,982,1039,1167,1193,1176,1227,1251,1333,1371,1353,1.1,1.1,1.2,1.3,1.5,1.6,1.8,1.9,1.8,1.9,2.0,2.1,2.2,2.2
02118 　　　悪性リンパ腫　　　　　　　　　　,2607,3340,3708,4483,5053,5173,5442,5502,5723,5893,6308,6215,6405,6345,4.1,5.2,5.7,6.9,7.8,8,8.5,8.6,9,9.3,10.0,9.9,10.2,10.2
02119 　　　白血病　　　　　　　　　　　　　,2484,2796,2972,3218,3300,3527,3403,3356,3539,3420,3516,3575,3752,3774,3.9,4.4,4.6,5,5.1,5.5,5.3,5.2,5.6,5.4,5.5,5.7,6.0,6.1
02120 　　　その他のリンパ組織，造血組織及び関連組織の悪性新生物＜腫瘍＞,1443,1651,1928,2087,2004,2130,2203,2136,2121,2118,2126,2072,2162,2145,2.3,2.6,3,3.2,3.1,3.3,3.4,3.3,3.3,3.3,3.4,3.3,3.4,3.4
02121 　　　その他の悪性新生物＜腫瘍＞　　　　　　　,7513,8476,9947,10883,12058,12245,12526,12381,12243,12659,13016,13043,13563,13475,11.9,13.2,15.4,16.8,18.7,19,19.5,19.4,19.2,19.9,20.5,20.7,21.6,21.6
02200 　　その他の新生物＜腫瘍＞　　　　　　　　　　,3245,4244,4804,4963,5280,5373,5477,6067,6185,6236,6102,6178,6365,6387,5.1,6.6,7.4,7.7,8.2,8.4,8.5,9.5,9.7,9.8,9.6,9.8,10.1,10.3
02201 　　　中枢神経系のその他の新生物＜腫瘍＞　　　,1135,1356,1532,1337,1370,1291,1338,1430,1365,1375,1369,1380,1371,1374,1.8,2.1,2.4,2.1,2.1,2,2.1,2.2,2.1,2.2,2.2,2.2,2.2,2.2
02202 　　　中枢神経系を除くその他の新生物＜腫瘍＞　,2110,2888,3272,3626,3910,4082,4139,4637,4820,4861,4733,4798,4994,5013,3.3,4.5,5.1,5.6,6.1,6.3,6.5,7.2,7.6,7.7,7.5,7.6,8.0,8.0
03000 　血液及び造血器の疾患並びに免疫機構の障害,2274,2268,2301,2388,2451,2419,2540,2487,2401,2458,2391,2577,2695,2732,3.6,3.5,3.6,3.7,3.8,3.8,4,3.9,3.8,3.9,3.8,4.1,4.3,4.4
03100 　　貧血　　　　　　　　　　　　　　　,986,1038,1018,1118,1177,1216,1276,1321,1299,1307,1319,1405,1466,1520,1.6,1.6,1.6,1.7,1.8,1.9,2,2.1,2,2.1,2.1,2.2,2.3,2.4
03200 　　その他の血液及び造血器の疾患並びに免疫機構の障害,1288,1230,1283,1270,1274,1203,1264,1166,1102,1151,1072,1172,1229,1212,2,1.9,2,2,2,1.9,2,1.8,1.7,1.8,1.7,1.9,2.0,1.9
04000 　内分泌，栄養及び代謝疾患　　　　　　,9873,8369,9752,10822,10504,10447,10600,10883,10883,10644,10648,11224,12235,12124,15.6,13.1,15.1,16.7,16.3,16.2,16.5,17,17.1,16.8,16.8,17.8,19.5,19.5
04100 　　糖尿病　　　　　　　　　　　　　　,7118,5814,6490,6802,6404,6203,6239,6240,6350,6231,6135,6402,6937,6749,11.2,9.1,10,10.5,9.9,9.6,9.7,9.8,10,9.8,9.7,10.1,11.1,10.8
04200 　　その他の内分泌，栄養及び代謝疾患　,2755,2555,3262,4020,4100,4244,4361,4643,4533,4413,4513,4822,5298,5375,4.3,4,5.1,6.2,6.4,6.6,6.8,7.3,7.1,6.9,7.1,7.6,8.4,8.6
05000 　精神及び行動の障害　　　　　　　　　,2092,2365,2910,5417,8706,9104,9771,13510,14117,14867,14251,15438,16691,16456,3.3,3.7,4.5,8.4,13.5,14.2,15.2,21.1,22.1,23.4,22.5,24.5,26.6,26.4
05100 　　血管性及び詳細不明の認知症　　　　,1754,1982,2382,4663,7567,7970,8520,12554,13144,13807,13169,14181,15271,14996,2.8,3.1,3.7,7.2,11.8,12.4,13.3,19.6,20.6,21.7,20.8,22.5,24.3,24.1
05200 　　その他の精神及び行動の障害　　　　,338,383,528,754,1139,1134,1251,956,973,1060,1082,1257,1420,1460,0.5,0.6,0.8,1.2,1.8,1.8,2,1.5,1.5,1.7,1.7,2.0,2.3,2.3
06000 　神経系の疾患　　　　　　　　　　　　,4098,4544,6354,9810,15352,17070,18424,23857,25914,27641,27530,29964,32696,33590,6.5,7.1,9.8,15.1,23.8,26.5,28.7,37.3,40.6,43.5,43.4,47.5,52.1,53.9
06100 　　髄膜炎　　　　　　　　　　　　　　,173,148,162,138,126,140,123,131,128,105,104,97,116,124,0.3,0.2,0.3,0.2,0.2,0.2,0.2,0.2,0.2,0.2,0.2,0.2,0.2,0.2
06200 　　脊髄性筋萎縮症及び関連症候群　　　,542,597,720,837,961,935,1157,1038,1055,1126,1099,1172,1219,1170,0.9,0.9,1.1,1.3,1.5,1.5,1.8,1.6,1.7,1.8,1.7,1.9,1.9,1.9
06300 　　パーキンソン病　　　　　　　　　　,1328,1463,1906,2691,3445,3828,3858,5011,5420,5565,5436,5885,6626,6694,2.1,2.3,3,4.2,5.4,6,6,7.8,8.5,8.8,8.6,9.3,10.6,10.7
06400 　　アルツハイマー病　　　　　　　　　,322,507,1166,2652,6420,7230,8225,11178,12437,13544,13608,14973,16167,16804,0.5,0.8,1.8,4.1,10,11.2,12.8,17.5,19.5,21.3,21.5,23.7,25.8,27.0
06500 　　その他の神経系の疾患　　　　　　　,1733,1829,2400,3492,4400,4937,5061,6499,6874,7301,7283,7837,8568,8798,2.7,2.9,3.7,5.4,6.8,7.7,7.9,10.2,10.8,11.5,11.5,12.4,13.7,14.1
07000 　眼及び付属器の疾患　　　　　　　　　,-,10,2,3,1,1,3,4,8,-,4,4,4,4,-,0,0,0,0,0,0,0,0,-,0.0,0.0,0.0,0.0
08000 　耳及び乳様突起の疾患　　　　　　　　,12,13,6,11,4,7,9,12,7,6,14,9,11,13,0,0,0,0,0,0,0,0,0,0.0,0.0,0.0,0.0,0.0
09000 　循環器系の疾患　　　　　　　　　　　,156309,153709,170207,178864,179979,178788,178330,184449,184990,183596,178236,184168,195574,192376,246.6,239.7,263.5,276,279.5,278.1,278,288.3,290.1,289.0,281.1,291.9,311.8,308.8
09100 　　高血圧性疾患　　　　　　　　　　　,5195,3900,3690,4243,4295,4121,4123,5654,5634,5578,5801,5952,6621,6421,8.2,6.1,5.7,6.5,6.7,6.4,6.4,8.8,8.8,8.8,9.2,9.4,10.6,10.3
09101 　　　高血圧性心疾患及び心腎疾患　　　,3216,2411,2214,2305,2141,2037,1957,3444,3450,3355,3259,3320,3745,3537,5.1,3.8,3.4,3.6,3.3,3.2,3.1,5.4,5.4,5.3,5.1,5.3,6.0,5.7
09102 　　　その他の高血圧性疾患　　　　　　,1979,1489,1476,1938,2154,2084,2166,2210,2184,2223,2542,2632,2876,2884,3.1,2.3,2.3,3,3.3,3.2,3.4,3.5,3.4,3.5,4.0,4.2,4.6,4.6
09200 　　心疾患（高血圧性を除く）　　　　　,69488,74585,89146,100557,104652,103981,104617,108538,110186,109504,106292,111010,119948,118015,109.6,116.3,138,155.2,162.5,161.7,163.1,169.7,172.8,172.4,167.7,175.9,191.3,189.5
09201 　　　慢性リウマチ性心疾患　　　　　　,1897,1749,1691,1673,1588,1573,1525,1522,1484,1379,1320,1337,1337,1247,3,2.7,2.6,2.6,2.5,2.4,2.4,2.4,2.3,2.2,2.1,2.1,2.1,2.0
09202 　　　急性心筋梗塞　　　　　　　　　　,24132,20925,21431,19132,17191,16085,15461,14978,14300,13381,12616,12652,12945,12644,38.1,32.6,33.2,29.5,26.7,25,24.1,23.4,22.4,21.1,19.9,20.1,20.6,20.3
09203 　　　その他の虚血性心疾患　　　　　　,11381,11383,13102,15335,14776,14513,14580,14408,14920,14358,14495,14605,16012,15480,18,17.8,20.3,23.7,22.9,22.6,22.7,22.5,23.4,22.6,22.9,23.1,25.5,24.9
09204 　　　慢性非リウマチ性心内膜疾患　　　,3302,3889,5049,6209,6953,7128,7552,8076,8166,8022,7990,8056,8271,8019,5.2,6.1,7.8,9.6,10.8,11.1,11.8,12.6,12.8,12.6,12.6,12.8,13.2,12.9
09205 　　　心筋症　　　　　　　　　　　　　,1267,1129,1359,1523,1689,1608,1652,1742,1672,1624,1605,1542,1634,1488,2,1.8,2.1,2.3,2.6,2.5,2.6,2.7,2.6,2.6,2.5,2.4,2.6,2.4
09206 　　　不整脈及び伝導障害　　　　　　　,6390,7547,11284,12862,15300,15615,15928,15628,15796,16064,15485,16409,18047,17686,10.1,11.8,17.5,19.8,23.8,24.3,24.8,24.4,24.8,25.3,24.4,26.0,28.8,28.4
09207 　　　心不全　　　　　　　　　　　　　,19552,26477,33365,41531,44741,44903,45305,49527,51099,51887,50202,53576,58550,58175,30.8,41.3,51.7,64.1,69.5,69.8,70.6,77.4,80.1,81.7,79.2,84.9,93.4,93.4
09208 　　　その他の心疾患　　　　　　　　　,1567,1486,1865,2292,2414,2556,2614,2657,2749,2789,2579,2833,3152,3276,2.5,2.3,2.9,3.5,3.7,4,4.1,4.2,4.3,4.4,4.1,4.5,5.0,5.3
09300 　　脳血管疾患　　　　　　　　　　　　,76965,69402,69190,63275,59214,58398,56635,56698,55788,54784,52588,53001,54293,52849,121.4,108.2,107.1,97.6,92,90.8,88.3,88.6,87.5,86.2,83.0,84.0,86.6,84.8
09301 　　　くも膜下出血　　　　　　　　　　,8947,9271,9194,8333,7949,7833,7764,7774,7611,7412,7302,6867,7151,7033,14.1,14.5,14.2,12.9,12.3,12.2,12.1,12.2,11.9,11.7,11.5,10.9,11.4,11.3
09302 　　　脳内出血　　　　　　　　　　　　,15550,14258,15081,14893,14719,14572,14440,14774,15034,14819,14207,14324,15010,14818,24.5,22.2,23.3,23,22.9,22.7,22.5,23.1,23.6,23.3,22.4,22.7,23.9,23.8
09303 　　　脳梗塞　　　　　　　　　　　　　,46707,43583,42955,38337,34967,34454,32908,32631,31638,31095,29646,30238,30539,29417,73.7,68,66.5,59.2,54.3,53.6,51.3,51,49.6,49.0,46.8,47.9,48.7,47.2
09304 　　　その他の脳血管疾患　　　　　　　,5761,2290,1960,1712,1579,1539,1523,1519,1505,1458,1433,1572,1593,1581,9.1,3.6,3,2.6,2.5,2.4,2.4,2.4,2.4,2.3,2.3,2.5,2.5,2.5
09400 　　大動脈瘤及び解離　　　　　　　　　,2382,3401,4985,6957,7816,8271,8880,9403,9210,9488,9286,9690,9899,10077,3.8,5.3,7.7,10.7,12.1,12.9,13.8,14.7,14.4,14.9,14.6,15.4,15.8,16.2
09500 　　その他の循環器系の疾患　　　　　　,2279,2421,3196,3832,4002,4017,4075,4156,4172,4242,4269,4515,4813,5014,3.6,3.8,4.9,5.9,6.2,6.2,6.4,6.5,6.5,6.7,6.7,7.2,7.7,8.0
10000 　呼吸器系の疾患　　　　　　　　　　　,55466,58957,73842,82348,87393,89910,88398,78725,78951,79098,67856,67761,71804,75944,87.5,91.9,114.3,127.1,135.7,139.8,137.8,123.1,123.8,124.5,107.0,107.4,114.5,121.9
10100 　　インフルエンザ　　　　　　　　　　,642,295,955,65,571,1194,715,1367,1648,1672,438,9,9,738,1,0.5,1.5,0.1,0.9,1.9,1.1,2.1,2.6,2.6,0.7,0.0,0.0,1.2
10200 　　肺炎　　　　　　　　　　　　　　　,37210,40216,49931,55319,54870,55348,53685,43716,42503,42442,33548,30853,31162,32199,58.7,62.7,77.3,85.4,85.2,86.1,83.7,68.3,66.7,66.8,52.9,48.9,49.7,51.7
10300 　　急性気管支炎　　　　　　　　　　　,1034,786,589,353,330,264,253,259,252,234,141,120,117,129,1.6,1.2,0.9,0.5,0.5,0.4,0.4,0.4,0.4,0.4,0.2,0.2,0.2,0.2
10400 　　慢性閉塞性肺疾患　　　　　　　　　,3640,3248,3398,3612,3182,3114,3039,3258,3253,3014,2660,2714,2657,2654,5.7,5.1,5.3,5.6,4.9,4.8,4.7,5.1,5.1,4.7,4.2,4.3,4.2,4.3
10500 　　喘息　　　　　　　　　　　　　　　,3201,2173,1633,1167,960,938,887,1153,991,926,695,644,627,647,5.1,3.4,2.5,1.8,1.5,1.5,1.4,1.8,1.6,1.5,1.1,1.0,1.0,1.0
10600 　　その他の呼吸器系の疾患　　　　　　,9739,12239,17336,21832,27480,29052,29819,28972,30304,30810,30374,33421,37232,39577,15.4,19.1,26.8,33.7,42.7,45.2,46.5,45.3,47.5,48.5,47.9,53.0,59.4,63.5
10601 　　　 誤嚥性肺炎,1615,2701,5771,10449,14970,16428,16922,15699,16808,17486,17665,20169,22611,24549,2.5,4.2,8.9,16.1,23.2,25.6,26.4,24.5,26.4,27.5,27.9,32.0,36.1,39.4
10602 　　　 間質性肺疾患　　　　　　,2616,3248,4101,5043,6032,6099,6474,6525,6821,6847,6756,7193,8090,8359,4.1,5.1,6.3,7.8,9.4,9.5,10.1,10.2,10.7,10.8,10.7,11.4,12.9,13.4
10603 　　　 その他の呼吸器系の疾患(10601及び10602を除く)　　　　　　,5508,6290,7464,6340,6478,6525,6423,6748,6675,6477,5953,6059,6531,6669,8.7,9.8,11.6,9.8,10.1,10.1,10,10.5,10.5,10.2,9.4,9.6,10.4,10.7
11000 　消化器系の疾患　　　　　　　　　　　,16718,16516,18824,21093,22829,22939,23138,24409,24611,24677,24987,25928,27631,27409,26.4,25.8,29.1,32.5,35.5,35.7,36.1,38.2,38.6,38.8,39.4,41.1,44.1,44.0
11100 　　胃潰瘍及び十二指腸潰瘍　　　　　　,2040,1708,1593,1398,1186,1155,1130,1110,1134,1072,965,1009,1086,1021,3.2,2.7,2.5,2.2,1.8,1.8,1.8,1.7,1.8,1.7,1.5,1.6,1.7,1.6
11200 　　ヘルニア及び腸閉塞　　　　　　　　,2297,2523,2948,3291,3610,3629,3693,3855,3780,3779,3882,4089,4382,4290,3.6,3.9,4.6,5.1,5.6,5.6,5.8,6,5.9,5.9,6.1,6.5,7.0,6.9
11300 　　肝疾患　　　　　　　　　　　　　　,5442,5011,5423,5597,5661,5643,5664,6039,6063,6037,6040,6251,6465,6455,8.6,7.8,8.4,8.6,8.8,8.8,8.8,9.4,9.5,9.5,9.5,9.9,10.3,10.4
11301 　　　肝硬変(アルコール性を除く)　　　,3823,3439,3704,3690,3568,3535,3551,3810,3768,3699,3673,3827,3905,3814,6,5.4,5.7,5.7,5.5,5.5,5.5,6,5.9,5.8,5.8,6.1,6.2,6.1
11302 　　　その他の肝疾患　　　　　　　　　,1619,1572,1719,1907,2093,2108,2113,2229,2295,2338,2367,2424,2560,2641,2.6,2.5,2.7,2.9,3.3,3.3,3.3,3.5,3.6,3.7,3.7,3.8,4.1,4.2
11400 　　その他の消化器系の疾患　　　　　　,6939,7274,8860,10807,12372,12512,12651,13405,13634,13789,14100,14579,15698,15643,10.9,11.3,13.7,16.7,19.2,19.5,19.7,21,21.4,21.7,22.2,23.1,25.0,25.1
12000 　皮膚及び皮下組織の疾患　　　　　　　,581,564,599,809,993,1036,1035,1524,1609,1565,1718,1825,2051,2291,0.9,0.9,0.9,1.2,1.5,1.6,1.6,2.4,2.5,2.5,2.7,2.9,3.3,3.7
13000 　筋骨格系及び結合組織の疾患　　　　　,2792,2981,3037,3513,3698,3792,3896,5053,5381,5352,5475,5782,6172,6256,4.4,4.6,4.7,5.4,5.7,5.9,6.1,7.9,8.4,8.4,8.6,9.2,9.8,10.0
14000 　腎尿路生殖器系の疾患　　　　　　　　,11427,12030,15159,18512,20474,20627,21167,20660,21326,21974,22712,24541,26627,26605,18,18.8,23.5,28.6,31.8,32.1,33,32.3,33.4,34.6,35.8,38.9,42.5,42.7
14100 　　糸球体疾患及び腎尿細管間質性疾患　,1934,1518,1923,2396,2765,2821,3078,2869,3006,2942,3271,3479,3550,3483,3.1,2.4,3,3.7,4.3,4.4,4.8,4.5,4.7,4.6,5.2,5.5,5.7,5.6
14200 　　腎不全　　　　　　　　　　　　　　,8387,9231,11065,12690,12841,12653,12387,12566,12851,13071,12987,13608,14551,14228,13.2,14.4,17.1,19.6,19.9,19.7,19.3,19.6,20.2,20.6,20.5,21.6,23.2,22.8
14201 　　　急性腎不全　　　　　　　　　　　,2192,2083,2210,2284,2048,1940,1835,1445,1438,1385,1373,1370,1477,1559,3.5,3.2,3.4,3.5,3.2,3,2.9,2.3,2.3,2.2,2.2,2.2,2.4,2.5
14202 　　　慢性腎臓病　　　　　　　　　　　,3577,4572,5973,7411,7864,7891,7805,8787,9034,9266,9312,9845,10643,10249,5.6,7.1,9.2,11.4,12.2,12.3,12.2,13.7,14.2,14.6,14.7,15.6,17.0,16.5
14203 　　　詳細不明の腎不全　　　　　　　　,2618,2576,2882,2995,2929,2822,2747,2334,2379,2420,2302,2393,2431,2420,4.1,4,4.5,4.6,4.5,4.4,4.3,3.6,3.7,3.8,3.6,3.8,3.9,3.9
14300 　　その他の腎尿路生殖器系の疾患　　　,1106,1281,2171,3426,4868,5153,5702,5225,5469,5961,6454,7454,8526,8894,1.7,2,3.4,5.3,7.6,8,8.9,8.2,8.6,9.4,10.2,11.8,13.6,14.3
15000 　妊娠，分娩及び産じょく　　　　　　　,90,84,66,49,33,44,36,36,33,32,23,28,33,26,0.1,0.1,0.1,0.1,0.1,0.1,0.1,0.1,0.1,0.1,0.0,0.0,0.1,0.0
16000 　周産期に発生した病態　　　　　　　　,645,509,380,268,263,218,268,215,209,203,196,189,174,158,1,0.8,0.6,0.4,0.4,0.3,0.4,0.3,0.3,0.3,0.3,0.3,0.3,0.3
16100 　　妊娠期間及び胎児発育に関連する障害,34,33,38,22,32,17,22,30,18,16,29,17,19,13,0.1,0.1,0.1,0,0,0,0,0,0,0.0,0.0,0.0,0.0,0.0
16200 　　出産外傷　　　　　　　　　　　　　,11,1,7,-,5,1,3,-,2,5,2,3,-,-,0,0,0,-,0,0,0,-,0,0.0,0.0,0.0,-,-
16300 　　周産期に特異的な呼吸障害及び心血管障害,346,278,190,152,128,114,138,107,109,117,105,107,113,90,0.5,0.4,0.3,0.2,0.2,0.2,0.2,0.2,0.2,0.2,0.2,0.2,0.2,0.1
16400 　　周産期に特異的な感染症　　　　　　,46,40,28,24,22,17,15,19,18,10,10,17,4,7,0.1,0.1,0,0,0,0,0,0,0,0.0,0.0,0.0,0.0,0.0
16500 　　胎児及び新生児の出血性障害及び血液障害,107,96,68,42,35,35,40,33,23,23,26,23,15,19,0.2,0.1,0.1,0.1,0.1,0.1,0.1,0.1,0,0.0,0.0,0.0,0.0,0.0
16600 　　その他の周産期に発生した病態　　　,101,61,49,28,41,34,50,26,39,32,24,22,23,29,0.2,0.1,0.1,0,0.1,0.1,0.1,0,0.1,0.1,0.0,0.0,0.0,0.0
17000 　先天奇形，変形及び染色体異常　　　　,1598,1345,1161,1080,1049,1096,1071,1122,1088,1122,1017,1016,1061,1070,2.5,2.1,1.8,1.7,1.6,1.7,1.7,1.8,1.7,1.8,1.6,1.6,1.7,1.7
17100 　　神経系の先天奇形　　　　　　　　　,88,71,59,51,49,46,51,41,48,38,40,40,45,47,0.1,0.1,0.1,0.1,0.1,0.1,0.1,0.1,0.1,0.1,0.1,0.1,0.1,0.1
17200 　　循環器系の先天奇形　　　　　　　　,882,721,599,569,514,543,507,486,461,444,439,430,466,445,1.4,1.1,0.9,0.9,0.8,0.8,0.8,0.8,0.7,0.7,0.7,0.7,0.7,0.7
17201 　　　心臓の先天奇形　　　　　　　　　,675,568,451,433,352,375,325,309,276,266,263,266,272,258,1.1,0.9,0.7,0.7,0.5,0.6,0.5,0.5,0.4,0.4,0.4,0.4,0.4,0.4
17202 　　　その他の循環器系の先天奇形　　　,207,153,148,136,162,168,182,177,185,178,176,164,194,187,0.3,0.2,0.2,0.2,0.3,0.3,0.3,0.3,0.3,0.3,0.3,0.3,0.3,0.3
17300 　　消化器系の先天奇形　　　　　　　　,69,49,43,49,62,55,49,51,33,53,48,50,35,41,0.1,0.1,0.1,0.1,0.1,0.1,0.1,0.1,0.1,0.1,0.1,0.1,0.1,0.1
17400 　　その他の先天奇形及び変形　　　　　,377,342,328,247,263,273,266,275,291,313,247,280,280,286,0.6,0.5,0.5,0.4,0.4,0.4,0.4,0.4,0.5,0.5,0.4,0.4,0.4,0.5
17500 　　染色体異常，他に分類されないもの　,182,162,132,164,161,179,198,269,255,274,243,216,235,251,0.3,0.3,0.2,0.3,0.3,0.3,0.3,0.4,0.4,0.4,0.4,0.3,0.4,0.4
18000 　症状，徴候及び異常臨床所見・異常検査所見で他に分類されないもの,16500,17450,23152,40612,64047,71183,77439,84520,91236,100045,106689,121128,141479,149443,26,27.2,35.8,62.7,99.5,110.7,120.7,132.1,143.1,157.5,168.3,192.0,225.6,239.9
18100 　　老衰　　　　　　　　　　　　　　　,14809,15196,19677,34555,57075,63922,69748,75601,81405,90141,96661,110741,129565,136660,23.4,23.7,30.5,53.3,88.6,99.4,108.7,118.2,127.7,141.9,152.5,175.5,206.6,219.4
18200 　　乳幼児突然死症候群　　　　　　　　,238,146,76,63,55,35,55,25,29,31,34,34,17,24,0.4,0.2,0.1,0.1,0.1,0.1,0.1,0,0,0.0,0.1,0.1,0.0,0.0
18300 　　その他の症状，徴候及び異常臨床所見・異常検査所見で他に分類されないもの,1453,2108,3399,5994,6917,7226,7636,8894,9802,9873,9994,10353,11897,12759,2.3,3.3,5.3,9.2,10.7,11.2,11.9,13.9,15.4,15.5,15.8,16.4,19.0,20.5
20000 　傷病及び死亡の外因　　　　　　　　　,25490,24497,25605,27619,26674,25947,25396,26576,27030,26057,26080,26605,29287,29290,40.2,38.2,39.6,42.6,41.4,40.4,39.6,41.5,42.4,41.0,41.1,42.2,46.7,47.0
20100 　　不慮の事故　　　　　　　　　　　　,17094,14322,15272,16757,16468,16188,16241,17239,17563,16790,16189,16329,18768,18896,27,22.3,23.6,25.9,25.6,25.2,25.3,26.9,27.5,26.4,25.5,25.9,29.9,30.3
20101 　　　交通事故　　　　　　　　　　　　,4375,3785,3013,2351,1794,1760,1613,1612,1440,1328,1152,1106,1142,1102,6.9,5.9,4.7,3.6,2.8,2.7,2.5,2.5,2.3,2.1,1.8,1.8,1.8,1.8
20102 　　　転倒・転落・墜落　　　　　　　　　　　,2248,2447,2713,3182,3427,3531,3542,4370,4458,4481,4511,4855,5647,5737,3.5,3.8,4.2,4.9,5.3,5.5,5.5,6.8,7,7.1,7.1,7.7,9.0,9.2
20103 　　　不慮の溺死及び溺水　　　　　　　,2418,2646,2818,3162,3629,3574,3703,3910,3836,3620,3424,3403,3980,4149,3.8,4.1,4.4,4.9,5.6,5.6,5.8,6.1,6,5.7,5.4,5.4,6.3,6.7
20104 　　　不慮の窒息　　　　　　　　　　　,2906,3419,4261,4801,4800,4592,4679,4513,4318,4023,3777,3819,4355,4145,4.6,5.3,6.6,7.4,7.5,7.1,7.3,7.1,6.8,6.3,6.0,6.1,6.9,6.7
20105 　　　煙，火及び火炎への曝露　　　　　,534,533,621,497,420,374,349,372,382,409,332,330,345,366,0.8,0.8,1,0.8,0.7,0.6,0.5,0.6,0.6,0.6,0.5,0.5,0.6,0.6
20106 　　　有害物質による不慮の中毒及び有害物質への曝露,172,190,282,304,258,230,207,223,189,212,195,207,210,209,0.3,0.3,0.4,0.5,0.4,0.4,0.3,0.3,0.3,0.3,0.3,0.3,0.3,0.3
20107 　　　その他の不慮の事故　　　　　　　,4441,1302,1564,2460,2140,2127,2148,2239,2940,2717,2798,2609,3089,3188,7,2,2.4,3.8,3.3,3.3,3.3,3.5,4.6,4.3,4.4,4.1,4.9,5.1
20200 　　自殺　　　　　　　　　　　　　　　,7189,8595,8317,8526,7542,6950,6379,6132,6180,5757,6655,6783,6890,6649,11.3,13.4,12.9,13.2,11.7,10.8,9.9,9.6,9.7,9.1,10.5,10.8,11.0,10.7
20300 　　他殺　　　　　　　　　　　　　　　,314,342,283,205,176,176,142,129,144,168,134,117,115,111,0.5,0.5,0.4,0.3,0.3,0.3,0.2,0.2,0.2,0.3,0.2,0.2,0.2,0.2
20400 　　その他の外因　　　　　　　　　　　,893,1238,1733,2131,2488,2633,2634,3076,3143,3342,3102,3376,3514,3634,1.4,1.9,2.7,3.3,3.9,4.1,4.1,4.8,4.9,5.3,4.9,5.4,5.6,5.8
22000 　特殊目的用コード　　　　　　　　　　,…,…,…,-,-,-,-,-,-,-,1372,7041,22522,17835,…,…,…,-,-,-,-,-,-,-,2.2,11.2,35.9,28.6
22100 　　重症急性呼吸器症候群［ＳＡＲＳ］　,…,…,…,-,-,-,-,-,-,-,-,-,-,-,…,…,…,-,-,-,-,-,-,-,-,-,-,-
22200 　　その他の特殊目的用コード　,…,…,…,…,…,…,-,-,-,-,1372,7041,22522,17835,…,…,…,…,…,…,-,-,-,-,2.2,11.2,35.9,28.6
22201 　　　新型コロナウイルス感染症　　　　　　　　　　　　,…,…,…,…,…,…,…,…,…,…,1372,7034,22506,17818,…,…,…,…,…,…,…,…,…,…,2.2,11.1,35.9,28.6
22202 　　　新型コロナウイルス感染症ワクチン　　　　　　　　,…,…,…,…,…,…,…,…,…,…,…,7,16,17,…,…,…,…,…,…,…,…,…,…,…,0.0,0.0,0.0
22203 　　　その他の特殊目的用コード（22201及び22202を除く）,…,…,…,…,…,…,…,…,…,…,…,-,-,-,…,…,…,…,…,…,…,…,…,…,…,-,-,-
